identifier,input-smiles,inchikey,smiles,true-value,pred-value,fingerprint,manifolds,classic,individual_full_descriptors-cc-signaturizer,individual_full_descriptors-morgan-counts,individual_full_descriptors-mordred,individual_full_descriptors-grover-embedding,molmap,reference_embedding,umap-0,umap-1,pca-0,pca-1,nHBD,nHBA,cLogP,nHeteroAtoms,RingCount,nRotatableBonds,nAromaticBonds,nAcidicGroup,nBasicGroup,AtomicPolarizability,MolWt,TPSA,sim_0,sim_1,sim_2,sim_3,sim_4,exact_0,exact_1,exact_2,exact_3,exact_4,train_smiles_0,train_smiles_1,train_smiles_2,train_smiles_3,train_smiles_4
entry-0000000,O=c1n(CCCN2CCN(c3cccc(Cl)c3)CC2)nc2ccccn12,PHLBKPHSAVXXEF-UHFFFAOYSA-N,O=c1n(CCCN2CCN(c3cccc(Cl)c3)CC2)nc2ccccn12,1.0,0.9714084591815484,0.9903381625749134,0.9644308686256408,0.9999953308266658,0.9573078550618792,0.94454581589666,0.9512472183814724,0.9988194800022758,0.9948532581329346,0.9999966621398926,6.737850189208984,6.070492267608643,-0.3210472464561462,0.2172663211822509,0.0,6.0,2.3617,7.0,4.0,5.0,16.0,0.0,1.0,56.591446000000026,371.8720000000001,45.78,0.5522388059701493,0.3333333333333333,0.2987012987012987,0.2837837837837837,0.2714285714285714,False,False,False,False,False,CCc1nn(CCCN2CCN(c3cccc(Cl)c3)CC2)c(=O)n1CCOc1ccccc1,OCCN1CCN(CCCN2c3ccccc3Sc3ccc(Cl)cc32)CC1,O=c1[nH]c2ccccc2n1CCCN1CCC(Nn2c(=O)[nH]c3cc(Cl)ccc32)CC1,COc1ccccc1N1CCN(CCCNc2cc(=O)n(C)c(=O)n2C)CC1,O=c1[nH]c2ccccc2n1CCCN1CCN(C(c2ccccc2)c2ccccc2)CC1
entry-0000001,CCN(CC)C(=O)N[C@H]1C=C2c3cccc4[nH]cc(c34)C[C@@H]2N(C)C1,BKRGVLQUQGGVSM-UHFFFAOYSA-N,CCN(CC)C(=O)NC1C=C2c3cccc4[nH]cc(c34)CC2N(C)C1,1.0,0.6908600174599279,0.9986587207391848,0.8683064579963684,0.996888583978191,0.9600031020647356,0.9879549167426752,0.9512472183814724,0.9988194800022758,0.9945532083511353,0.9999946355819702,6.48021125793457,4.6135663986206055,0.2073113322257995,0.5676789283752441,2.0,2.0,2.841400000000001,5.0,4.0,3.0,10.0,0.0,1.0,57.73861800000001,338.4550000000001,51.370000000000005,0.4166666666666667,0.2884615384615384,0.238095238095238,0.2151898734177215,0.2125,False,False,False,False,False,CN1CC(C(=O)NC2(C)OC3(O)C4CCCN4C(=O)C(Cc4ccccc4)N3C2=O)C=C2c3cccc4[nH]cc(c34)CC21,CN1CC(C(=O)NC2(C)OC3(O)C4CCCN4C(=O)C(Cc4ccccc4)N3C2=O)CC2c3cccc4[nH]cc(c34)CC21,CCCN1CC(NS(=O)(=O)N(CC)CC)CC2Cc3c(O)cccc3CC21,CCOC(=O)C1=CC(OC(CC)CC)C(NC(C)=O)C(N)C1,CCc1cccc2c1NC1C2CCOC1(CC(=O)O)CC(=O)O
entry-0000002,CC[C@H](CO)NC(=O)[C@H]1C=C2c3cccc4[nH]cc(c34)C[C@@H]2N(C)C1,UNBRKDKAWYKMIV-UHFFFAOYSA-N,CCC(CO)NC(=O)C1C=C2c3cccc4[nH]cc(c34)CC2N(C)C1,1.0,0.9636803220361564,0.9980733164280788,0.8954949975013733,0.9999488275939726,0.861336891394421,0.9865200063454984,0.9512472183814724,0.9988194800022758,0.9777762293815612,0.9999791979789734,6.557271480560303,4.454084873199463,0.4205610752105713,0.3079177141189575,3.0,3.0,1.9247,5.0,4.0,4.0,10.0,0.0,1.0,56.77382500000001,339.4390000000002,68.36,0.4787234042553192,0.2924528301886792,0.2298850574712643,0.2222222222222222,0.2179487179487179,False,False,False,False,False,CN1CC(C(=O)NC2(C)OC3(O)C4CCCN4C(=O)C(Cc4ccccc4)N3C2=O)C=C2c3cccc4[nH]cc(c34)CC21,CN1CC(C(=O)NC2(C)OC3(O)C4CCCN4C(=O)C(Cc4ccccc4)N3C2=O)CC2c3cccc4[nH]cc(c34)CC21,CCCN1CC(NS(=O)(=O)N(CC)CC)CC2Cc3c(O)cccc3CC21,CCOC(=O)C1=CC(OC(CC)CC)C(NC(C)=O)C(N)C1,CN1C2CCC1CC(OC(=O)C(CO)c1ccccc1)C2
entry-0000003,CC[C@H](CO)NC(=O)[C@H]1C=C2c3cccc4c3c(cn4C)C[C@@H]2N(C)C1,KPJZHOPZRAFDTN-UHFFFAOYSA-N,CCC(CO)NC(=O)C1C=C2c3cccc4c3c(cn4C)CC2N(C)C1,1.0,0.94939838901665,0.9980733164280788,0.8368569612503052,0.9999996490531696,0.8602880736980062,0.9476728885510122,0.9512472183814724,0.9988194800022758,0.9765412211418152,0.9995388388633728,7.507684707641602,3.96010160446167,0.3985207080841064,0.3293910324573517,2.0,4.0,1.9351,5.0,4.0,4.0,10.0,0.0,1.0,59.867411,353.4660000000001,57.5,0.3431372549019608,0.25,0.2467532467532467,0.2337662337662337,0.225,False,False,False,False,False,CN1CC(C(=O)NC2(C)OC3(O)C4CCCN4C(=O)C(Cc4ccccc4)N3C2=O)C=C2c3cccc4[nH]cc(c34)CC21,CCCN1CC(NS(=O)(=O)N(CC)CC)CC2Cc3c(O)cccc3CC21,CC(C)(C)NCC(O)COc1cccc2c1CC(O)C(O)C2,CN1C2CCC1CC(OC(=O)c1cn(C)c3ccccc13)C2,CN1C2CCCC1CC(NC(=O)c1nn(C)c3ccccc13)C2
entry-0000004,O=C(NCCN1CCOCC1)c1ccc(Cl)cc1,YHXISWVBGDMDLQ-UHFFFAOYSA-N,O=C(NCCN1CCOCC1)c1ccc(Cl)cc1,1.0,0.9647713231012656,0.996635505951838,0.8368805050849915,0.999998796113171,0.8642953622321489,0.98714944034239,0.9512472183814724,0.9988194800022758,0.9818121790885924,1.0,6.978428840637207,5.720904350280762,-0.0895958617329597,-0.0725972726941108,1.0,3.0,1.4020000000000006,5.0,2.0,4.0,6.0,0.0,1.0,40.199481000000006,268.744,41.57000000000001,0.3043478260869565,0.2909090909090909,0.2884615384615384,0.288135593220339,0.2857142857142857,False,False,False,False,False,CCOC(=O)Nc1ccc2c(c1)N(C(=O)CCN1CCOCC1)c1ccccc1S2,Cc1cc(CC(=O)O)n(C)c1C(=O)c1ccc(Cl)cc1,CCCNC(=O)NS(=O)(=O)c1ccc(Cl)cc1,CC(CN1CCOCC1)C(C(=O)N1CCCC1)(c1ccccc1)c1ccccc1,CC(NC(C)(C)C)C(=O)c1ccc(Cl)cc1
entry-0000005,CCN(CC)CCOC(=O)[C@H](Cc1ccc2ccccc2c1)C[C@H]1CCCO1,IEBDTIUHMNLDTC-UHFFFAOYSA-N,CCN(CC)CCOC(=O)C(Cc1ccc2ccccc2c1)CC1CCCO1,1.0,0.9464864979617033,0.9967531461697764,0.8107402324676514,0.9998098268604466,0.9573078550618792,0.9885056880439888,0.9512472183814724,0.9988194800022758,0.9240160584449768,0.9999907612800598,9.02476978302002,2.68512225151062,0.2472039461135864,-1.201689839363098,0.0,4.0,4.452600000000004,4.0,3.0,10.0,11.0,0.0,1.0,67.75016900000003,383.5320000000002,38.77,0.3384615384615385,0.2894736842105263,0.2875,0.2539682539682539,0.2388059701492537,False,False,False,False,False,CCN(CC)CCOC(=O)C1(C2CCCCC2)CCCCC1,CCN(CC)CC#CCOC(=O)C(O)(c1ccccc1)C1CCCCC1,CCN(CCCCOC(=O)c1ccc(OC)c(OC)c1)C(C)Cc1ccc(OC)cc1,CCN(CC)C(C)C(=O)c1ccccc1,COc1ccc2cc(CCC(C)=O)ccc2c1
entry-0000006,c1ccc([C@@H]2CN3CCSC3=N2)cc1,HLFSDGLLUJUHTE-UHFFFAOYSA-N,c1ccc(C2CN3CCSC3=N2)cc1,1.0,0.8480677243581572,0.9984419733083952,0.904013991355896,0.9987248799395972,0.9632493409583192,0.9620113857619176,0.9512472183814724,0.7768959435626103,0.9794490337371826,0.9997700452804564,6.381496429443359,6.456974506378174,-0.5672808885574341,-0.7286401987075806,0.0,3.0,2.1461,3.0,3.0,1.0,6.0,0.0,2.0,32.461516,204.298,15.6,0.2291666666666666,0.2258064516129032,0.225,0.2115384615384615,0.2075471698113207,False,False,False,False,False,CN1CCCC1c1cccnc1,O=c1[nH]c2ccccc2n1C1CCN(CCC(c2ccc(F)cc2)c2ccc(F)cc2)CC1,O=C1c2ccccc2C(=O)C1c1ccccc1,O=C(c1ccccc1)c1ccc2n1CCC2C(=O)O,OC(CCN1CCCC1)(c1ccccc1)C1CCCCC1
entry-0000007,CN1CCO[C@H](c2ccccc2)c2ccccc2C1,RGPDEAGGEXEMMM-UHFFFAOYSA-N,CN1CCOC(c2ccccc2)c2ccccc2C1,1.0,0.5445096480848409,0.9984419733083952,0.9021912217140198,0.9953999311544822,0.8440882409220865,0.9004659768029519,0.9512472183814724,0.9988194800022758,0.9664295315742492,0.9999983906745912,7.315324306488037,3.043574571609497,-1.3253798484802246,-1.543678641319275,0.0,2.0,3.238000000000002,2.0,3.0,1.0,12.0,0.0,1.0,44.49106700000001,253.345,12.47,0.3265306122448979,0.2641509433962264,0.2641509433962264,0.2631578947368421,0.2615384615384615,False,False,False,False,False,CN1CCN2c3ccccc3Cc3ccccc3C2C1,CCOC(=O)C1(c2ccccc2)CCN(C)CC1,CN(C)CCCC1c2ccccc2COc2ccccc21,CCCOC(C(=O)OC1CCN(C)CC1)(c1ccccc1)c1ccccc1,CN1CCCC(N2NC(Cc3ccc(Cl)cc3)c3ccccc3C2=O)CC1
entry-0000008,NS(=O)(=O)c1cc2c(cc1Cl)N[C@H](CN1CCCC1)NS2(=O)=O,BTTINANDDGKPNA-UHFFFAOYSA-N,NS(=O)(=O)c1cc2c(cc1Cl)NC(CN1CCCC1)NS2(=O)=O,1.0,0.7975920998728134,0.9995174824259284,0.8887348175048828,0.998461687628263,0.939667049368542,0.9307337169035146,0.9167485733950224,0.9988194800022758,0.9904626607894896,0.9999879002571106,4.095523834228516,2.179526329040528,0.2282800823450088,0.8874199986457825,3.0,6.0,0.1131000000000004,11.0,3.0,3.0,6.0,0.0,1.0,48.04348100000001,380.8790000000002,121.6,0.490566037735849,0.4375,0.417910447761194,0.3235294117647059,0.3225806451612903,False,False,False,False,False,NS(=O)(=O)c1cc2c(cc1Cl)NCNS2(=O)=O,NS(=O)(=O)c1cc2c(cc1C(F)(F)F)NC(Cc1ccccc1)NS2(=O)=O,CN1C(CSCC(F)(F)F)Nc2cc(Cl)c(S(N)(=O)=O)cc2S1(=O)=O,Cc1ccccc1N1C(=O)c2cc(S(N)(=O)=O)c(Cl)cc2NC1C,NS(=O)(=O)c1cc2c(cc1C(F)(F)F)NCNS2(=O)=O
entry-0000009,CC(=O)O[C@H]1C[C@@]2(C)[C@@H](C[C@@H](O)[C@@H]3[C@]4(C)CC[C@@H](O)[C@@H](C)[C@@H]4CC[C@]32C)/C1=C(/CCC=C(C)C)C(=O)O,IECPWNUMDGFDKC-UHFFFAOYSA-N,CC(=O)OC1CC2(C)C(CC(O)C3C4(C)CCC(O)C(C)C4CCC32C)C1=C(CCC=C(C)C)C(=O)O,1.0,0.3990413309213464,0.9847964756804686,0.940323531627655,0.999792935770283,0.927556243507736,0.7268541075535301,0.4229348284784143,0.8885902031063321,0.6104183793067932,0.9992436170578004,9.076342582702637,1.5732829570770264,1.984306812286377,-0.4752776622772217,3.0,5.0,5.6661000000000055,6.0,4.0,5.0,0.0,1.0,0.0,91.37806400000004,516.7190000000004,104.06000000000002,0.2857142857142857,0.2790697674418604,0.2716049382716049,0.264367816091954,0.2619047619047619,False,False,False,False,False,CC(=O)OCC(=O)C1(O)CCC2C3CC=C4CC(=O)CCC4(C)C3(F)C(O)CC21C,CC(=O)OC1CC2CCC3C(CCC4(C)C3CC([N+]3(C)CCCCC3)C4OC(C)=O)C2(C)CC1[N+]1(C)CCCCC1,CC(=O)C1CCC2C3CC=C4CC(=O)CCC4(C)C3CCC12C,C#CC1(OC(C)=O)CCC2C3CCC4=CC(OC(C)=O)CCC4C3CCC21C,CC(=O)OC1(C(C)=O)CCC2C3=CC(C)=C4CC(=O)CCC4(C)C3CCC21C
entry-0000010,CNC1=Nc2ccc(Cl)cc2C(c2ccccc2)=[N+]([O-])C1,ANTSCNMPPGJYLG-UHFFFAOYSA-N,CN=C1C[N+]([O-])=C(c2ccccc2)c2cc(Cl)ccc2N1,1.0,0.0,0.9978572607934924,0.9566196203231812,0.9993687357782808,0.9577616785245522,0.9885056880439888,0.9512472183814724,0.9988194800022758,0.9941417574882508,0.9586287140846252,5.040523052215576,6.195108890533447,-1.3675894737243652,-0.344090074300766,1.0,2.0,3.1415000000000006,5.0,3.0,1.0,12.0,0.0,2.0,43.777102,299.761,50.46,0.4074074074074074,0.3333333333333333,0.3064516129032258,0.3,0.2857142857142857,False,False,False,False,False,O=C1CN=C(c2ccccc2)c2cc(Cl)ccc2N1,O=C1N=C(c2ccccc2)c2cc(Cl)ccc2NC1O,CN1CCN(C2=Nc3cc(Cl)ccc3Nc3ccccc32)CC1,CN1C(=O)CN=C(c2ccccc2)c2cc(Cl)ccc21,Cc1nnc2n1-c1ccc(Cl)cc1C(c1ccccc1)=NC2
entry-0000011,CN[C@@H](C)[C@H]1CC[C@H](N)[C@H](O[C@H]2[C@@H](N)C[C@H](N)[C@H](O[C@@H]3OC[C@@](C)(O)[C@@H](NC)[C@@H]3O)[C@H]2O)O1,CEAZRRDELHUEMR-UHFFFAOYSA-N,CNC(C)C1CCC(N)C(OC2C(N)CC(N)C(OC3OCC(C)(O)C(NC)C3O)C2O)O1,0.0,0.0,0.522192606383412,0.0568725131452083,1.3152005485651144e-05,0.4921936723407311,0.6343480582335879,0.3588458093949619,0.2222222222222222,0.3802151381969452,3.2586023735348135e-05,8.151934623718262,1.264320969581604,1.784734129905701,0.062660627067089,8.0,12.0,-3.327499999999993,12.0,3.0,7.0,0.0,0.0,5.0,76.74609900000002,477.6030000000002,199.73,0.4545454545454545,0.2098765432098765,0.2,0.1805555555555555,0.1653543307086614,False,False,False,False,False,CCNC1CC(N)C(OC2CC(N)C=C(CN)O2)C(O)C1OC1OCC(C)(O)C(NC)C1O,NCC1OC(COC2C(CO)OC(OC3C(O)C(N)CC(N)C3OC3OC(CN)C(O)C(O)C3N)C2O)C(N)C(O)C1O,CNC1C(OC2C(OC3C(O)C(O)C(N=C(N)N)C(O)C3N=C(N)N)OC(C)C2(O)C=O)OC(CO)C(O)C1O,OCC1OC(OC2C(CO)OC(O)(CO)C2O)C(O)C(O)C1O,CCC(C)C1C(C)C2CC3(CC4CC(CC=C(C)C(OC5CC(OC)C(OC6CC(OC)C(O)C(C)O6)C(C)O5)C(C)C=CC=C5COC6C(O)C(C)=CC(C(=O)O4)C56O)O3)OC21
entry-0000012,CC[C@@H]1CC[C@H](N)[C@H](O[C@@H]2[C@@H](N)C[C@H](N)[C@H](O[C@@H]3OC[C@@](C)(O)[C@H](NC)[C@@H]3O)[C@H]2O)O1,BNUBDUMYBATHHL-UHFFFAOYSA-N,CCC1CCC(N)C(OC2C(N)CC(N)C(OC3OCC(C)(O)C(NC)C3O)C2O)O1,0.0,0.0,0.522192606383412,0.1704639643430709,0.1496650624412581,0.5892134537046041,0.6343480582335879,0.5291904468363736,0.3324514991181658,0.6383957862854004,0.001151441829279,8.232006072998047,1.2231308221817017,1.912748098373413,-0.1116635501384735,7.0,11.0,-2.5253999999999928,11.0,3.0,6.0,0.0,0.0,4.0,71.88572,448.56100000000015,187.7,0.5068493150684932,0.2467532467532467,0.2325581395348837,0.2028985507246377,0.1844660194174757,False,False,False,False,False,CCNC1CC(N)C(OC2CC(N)C=C(CN)O2)C(O)C1OC1OCC(C)(O)C(NC)C1O,NCC1OC(COC2C(CO)OC(OC3C(O)C(N)CC(N)C3OC3OC(CN)C(O)C(O)C3N)C2O)C(N)C(O)C1O,CNC1C(OC2C(OC3C(O)C(O)C(N=C(N)N)C(O)C3N=C(N)N)OC(C)C2(O)C=O)OC(CO)C(O)C1O,OCC1OC(OC2C(CO)OC(O)(CO)C2O)C(O)C(O)C1O,CCC1OC(=O)C(C)C(OC2CC(C)(OC)C(O)C(C)O2)C(C)C(OC2OC(C)CC(N(C)C)C2O)C(C)(O)CC(C)C(=O)C(C)C(O)C1(C)O
entry-0000013,NCC[C@@H](O)C(=O)N[C@@H]1C[C@H](N)[C@H](O[C@@H]2O[C@@H](CN)[C@@H](O)[C@H](O)[C@@H]2O)[C@H](O)[C@@H]1O[C@@H]1O[C@@H](CO)[C@@H](O)[C@H](N)[C@@H]1O,LKCWBDHBTVXHDL-UHFFFAOYSA-N,NCCC(O)C(=O)NC1CC(N)C(OC2OC(CN)C(O)C(O)C2O)C(O)C1OC1OC(CO)C(O)C(N)C1O,0.0,0.0,0.0052316997967999,0.0045842663384974,4.237784334167838e-06,0.4921936723407311,0.264610608689556,0.2053069403649899,0.0,0.2593783140182495,1.3641497709215857e-08,8.006001472473145,0.9178561568260192,2.0749351978302,0.1807059794664383,13.0,17.0,-8.424200000000015,18.0,3.0,10.0,0.0,0.0,4.0,83.318099,585.6080000000002,331.93999999999994,0.410958904109589,0.3235294117647059,0.2717391304347826,0.2650602409638554,0.25,False,False,False,False,False,NCC1OC(COC2C(CO)OC(OC3C(O)C(N)CC(N)C3OC3OC(CN)C(O)C(O)C3N)C2O)C(N)C(O)C1O,OCC1OC(OC2C(CO)OC(O)(CO)C2O)C(O)C(O)C1O,CCNC1CC(N)C(OC2CC(N)C=C(CN)O2)C(O)C1OC1OCC(C)(O)C(NC)C1O,CC1OC(OC2C(CO)OC(OC3C(CO)OC(O)C(O)C3O)C(O)C2O)C(O)C(O)C1NC1C=C(CO)C(O)C(O)C1O,CN(N=O)C(=O)NC1C(O)OC(CO)C(O)C1O
entry-0000014,NCC[C@@H](O)C(=O)N[C@@H]1C[C@H](N)[C@H](O[C@@H]2O[C@@H](CN)CC[C@@H]2N)[C@H](O)[C@@H]1O[C@@H]1O[C@@H](CO)[C@@H](O)[C@H](N)[C@@H]1O,MKKYBZZTJQGVCD-UHFFFAOYSA-N,NCCC(O)C(=O)NC1CC(N)C(OC2OC(CN)CCC2N)C(O)C1OC1OC(CO)C(O)C(N)C1O,0.0,0.0,0.9125292272976508,0.0114432517439126,4.237784334167838e-06,0.5892134537046041,0.2470667490404332,0.2847712260792756,0.2222222222222222,0.260165274143219,6.890837084938539e-06,8.127062797546387,0.8755203485488892,2.010318756103516,0.1077113151550293,11.0,15.0,-6.399400000000004,16.0,3.0,10.0,0.0,0.0,5.0,82.67889200000002,552.6260000000003,297.27,0.3375,0.2702702702702703,0.2474226804123711,0.2386363636363636,0.231578947368421,False,False,False,False,False,NCC1OC(COC2C(CO)OC(OC3C(O)C(N)CC(N)C3OC3OC(CN)C(O)C(O)C3N)C2O)C(N)C(O)C1O,OCC1OC(OC2C(CO)OC(O)(CO)C2O)C(O)C(O)C1O,CCNC1CC(N)C(OC2CC(N)C=C(CN)O2)C(O)C1OC1OCC(C)(O)C(NC)C1O,CC1OC(OC2C(CO)OC(OC3C(CO)OC(O)C(O)C3O)C(O)C2O)C(O)C(O)C1NC1C=C(CO)C(O)C(O)C1O,CNC1C(OC2C(OC3C(O)C(O)C(N=C(N)N)C(O)C3N=C(N)N)OC(C)C2(O)C=O)OC(CO)C(O)C1O
entry-0000015,NC[C@@H]1O[C@@H](O[C@@H]2[C@@H](N)C[C@H](N)[C@H](O[C@@H]3O[C@@H](CO)[C@@H](O)[C@H](N)[C@@H]3O)[C@H]2O)[C@@H](N)C[C@@H]1O,NLVFBUXFDBBNBW-UHFFFAOYSA-N,NCC1OC(OC2C(N)CC(N)C(OC3OC(CO)C(O)C(N)C3O)C2O)C(N)CC1O,0.0,0.0,0.0010047496945185,0.0044639906845986,7.215326949080974e-06,0.5892134537046041,0.2470667490404332,0.348236053297401,0.0,0.2981688976287842,9.13992224127469e-08,8.191608428955078,0.9180609583854676,2.049781322479248,0.0674862265586853,10.0,14.0,-6.295799999999999,14.0,3.0,6.0,0.0,0.0,5.0,69.06934099999998,467.52000000000015,268.17,0.5,0.3454545454545454,0.2898550724637681,0.2469135802469135,0.2435897435897435,False,False,False,False,False,NCC1OC(COC2C(CO)OC(OC3C(O)C(N)CC(N)C3OC3OC(CN)C(O)C(O)C3N)C2O)C(N)C(O)C1O,OCC1OC(OC2C(CO)OC(O)(CO)C2O)C(O)C(O)C1O,CC1OC(OC2C(CO)OC(OC3C(CO)OC(O)C(O)C3O)C(O)C2O)C(O)C(O)C1NC1C=C(CO)C(O)C(O)C1O,CCNC1CC(N)C(OC2CC(N)C=C(CN)O2)C(O)C1OC1OCC(C)(O)C(NC)C1O,CNC1C(OC2C(OC3C(O)C(O)C(N=C(N)N)C(O)C3N=C(N)N)OC(C)C2(O)C=O)OC(CO)C(O)C1O
entry-0000016,CC(=O)NC[C@@H]1O[C@@H](O[C@H]2[C@@H](N)C[C@H](N)[C@H](O[C@@H]3O[C@@H](CO)[C@@H](O)[C@H](N)[C@@H]3O)[C@@H]2O)[C@@H](O)[C@@H](O)[C@@H]1O,XHVUNXUZIATXNF-UHFFFAOYSA-N,CC(=O)NCC1OC(OC2C(N)CC(N)C(OC3OC(CO)C(O)C(N)C3O)C2O)C(O)C(O)C1O,0.0,0.0,0.0052316997967999,0.0047835041768848,3.852335273497812e-06,0.4921936723407311,0.264610608689556,0.1793454019034514,0.0,0.2821387350559234,7.488355180385042e-08,8.043156623840332,0.9109452366828918,2.0285184383392334,0.2273777276277542,11.0,15.0,-7.114,16.0,3.0,7.0,0.0,0.0,3.0,74.56213399999999,526.5400000000002,285.69,0.4090909090909091,0.3793103448275862,0.3125,0.3013698630136986,0.2875,False,False,False,False,False,NCC1OC(COC2C(CO)OC(OC3C(O)C(N)CC(N)C3OC3OC(CN)C(O)C(O)C3N)C2O)C(N)C(O)C1O,OCC1OC(OC2C(CO)OC(O)(CO)C2O)C(O)C(O)C1O,OCC1OC(OCC2OC(OC3(CO)OC(CO)C(O)C3O)C(O)C(O)C2O)C(O)C(O)C1O,CC1OC(OC2C(CO)OC(OC3C(CO)OC(O)C(O)C3O)C(O)C2O)C(O)C(O)C1NC1C=C(CO)C(O)C(O)C1O,CNC1C(OC2C(OC3C(O)C(O)C(N=C(N)N)C(O)C3N=C(N)N)OC(C)C2(O)C=O)OC(CO)C(O)C1O
entry-0000017,CCN1C[C@@H](C(=O)O)C(=O)c2ccc(C)nc21,BTWKIULTHOSUDJ-UHFFFAOYSA-N,CCN1CC(C(=O)O)C(=O)c2ccc(C)nc21,1.0,0.9647338274480748,0.9984419733083952,0.864411473274231,0.9999889580830028,0.9632493409583192,0.9538662565864856,0.9512472183814724,0.9988194800022758,0.9771857857704164,0.9998781085014344,6.072994709014893,1.1473543643951416,0.2867949604988098,1.3572429418563845,1.0,4.0,1.11342,5.0,2.0,2.0,6.0,1.0,0.0,35.061102000000005,234.255,70.5,0.2432432432432432,0.2413793103448276,0.2318840579710145,0.2297297297297297,0.2266666666666666,False,False,False,False,False,CCOC(=O)C(CCc1ccccc1)NC(C)C(=O)N1C(C(=O)O)CC2CCCCC21,CCOC(=O)C1(c2ccccc2)CCN(C)CC1,CCCC(NC(C)C(=O)N1C(C(=O)O)CC2CCCCC21)C(=O)OCC,CCOC(=O)C(CCc1ccccc1)NC1CCCN2CCCC(C(=O)O)N2C1=O,CCOC(=O)C(CCc1ccccc1)NC(C)C(=O)N1C(C(=O)O)CC2CCCC21
entry-0000018,C[N+]1(CCCCC[N+]2(C)CCCC2)CCCC1,XSBSKEQEUFOSDD-UHFFFAOYSA-N,C[N+]1(CCCCC[N+]2(C)CCCC2)CCCC1,0.0,0.0,0.0085462521244456,0.1961780339479446,0.600779421186693,0.6030145678631191,0.6150229564667339,0.7596243634085451,0.2222222222222222,0.919880509376526,5.42251932245108e-09,8.491612434387207,3.936579942703247,1.784801721572876,-1.200085163116455,0.0,0.0,2.637500000000001,2.0,2.0,6.0,0.0,0.0,2.0,49.93737600000002,240.4349999999999,0.0,0.1551724137931034,0.1538461538461538,0.1458333333333333,0.1428571428571428,0.1428571428571428,False,False,False,False,False,COc1ccc(CC2c3cc(OC)c(OC)cc3CC[N+]2(C)CCC(=O)OCCCCCOC(=O)CC[N+]2(C)CCc3cc(OC)c(OC)cc3C2Cc2ccc(OC)c(OC)c2)cc1OC,CCC1CC(OC(=O)C(O)(c2ccccc2)c2ccccc2)CC(C)[N+]12CCCC2,C[N+]1(C)CCCC1COC(=O)C(O)(c1ccccc1)c1ccccc1,C[N+]1(C)CCC(=C(c2ccccc2)c2ccccc2)CC1,C[N+]1(C)CCC(OC(=O)C(O)(c2ccccc2)C2CCCC2)C1
entry-0000019,COc1cc2c3cc1Oc1cc(ccc1O)C[C@@H]1c4c(cc(OC)c(O)c4Oc4ccc(cc4)C[C@@H]3[N+](C)(C)CC2)CC[N+]1(C)C,PXXYOLIWFSWZNP-UHFFFAOYSA-P,COc1cc2c3cc1Oc1cc(ccc1O)CC1c4c(cc(OC)c(O)c4Oc4ccc(cc4)CC3[N+](C)(C)CC2)CC[N+]1(C)C,0.0,0.0,0.5831644039629155,0.6311161518096924,0.0604901649237696,0.6802810513796027,0.5169516273902859,0.711210026543015,0.1111111111111111,0.9146384596824646,4.342741158325225e-05,8.377461433410645,5.129874229431152,-0.5317209362983704,-0.5249853730201721,2.0,6.0,6.845600000000008,8.0,8.0,2.0,24.0,0.0,2.0,103.230892,624.7779999999999,77.38000000000001,0.264367816091954,0.2417582417582417,0.2,0.1956521739130435,0.1888888888888888,False,False,False,False,False,COc1ccc(CC2c3cc(OC)c(OC)cc3CC[N+]2(C)CCC(=O)OCCCCCOC(=O)CC[N+]2(C)CCc3cc(OC)c(OC)cc3C2Cc2ccc(OC)c(OC)c2)cc1OC,COc1cc2c(cc1OC)C(Cc1cc(OC)c(OC)c(OC)c1)[N+](C)(CCCOC(=O)CCC=CCCC(=O)OCCC[N+]1(C)CCc3cc(OC)c(OC)cc3C1Cc1cc(OC)c(OC)c(OC)c1)CC2,COc1cc2c(cc1OC)C1CC(=O)C(CC(C)C)CN1CC2,COc1ccc2c3c1OC1C(=O)CCC4(O)C(C2)N(C)CCC314,COc1ccc2c3c1OC1CC(O)C=CC31CCN(C)C2
entry-0000020,O=C1CN(/N=C/c2ccc([N+](=O)[O-])o2)C(=O)N1,ZSPWEUZMDXEYMX-UHFFFAOYSA-N,O=c1[nH]c(O)cn1N=Cc1ccc([N+](=O)[O-])o1,1.0,0.94507311779514,0.947428787754844,0.9603841304779052,0.999960755189221,0.928049849477328,0.9867638610094422,0.9500184665602,0.8877083688911646,0.945612609386444,0.9999964833259584,4.304495334625244,5.722896099090576,-0.2117460072040558,1.874455213546753,2.0,7.0,0.2653999999999999,9.0,2.0,3.0,10.0,0.0,0.0,26.490758000000003,238.159,126.66,0.6862745098039216,0.3055555555555556,0.2068965517241379,0.1940298507462686,0.1857142857142857,False,False,False,False,False,O=c1[nH]c(O)cn1N=Cc1ccc(-c2ccc([N+](=O)[O-])cc2)o1,CN1CCN(CCCCn2c(O)cn(N=Cc3ccc(-c4ccc(Cl)cc4)o3)c2=O)CC1,O=[N+]([O-])c1ccc(O)c2ncccc12,O=C1CN=C(c2ccccc2)c2cc([N+](=O)[O-])ccc2N1,O=C1CN=C(c2ccccc2Cl)c2cc([N+](=O)[O-])ccc2N1
entry-0000021,COc1cc2c(cc1OC)CN(C(=O)[C@@H](C)N[C@H](CCc1ccccc1)C(=O)O)[C@@H](C(=O)O)C2,CMPAGYDKASJORH-UHFFFAOYSA-N,COc1cc2c(cc1OC)CN(C(=O)C(C)NC(CCc1ccccc1)C(=O)O)C(C(=O)O)C2,0.0,0.0,0.6203176501831921,0.6952065825462341,0.8150286243413073,0.8022979258593069,0.693973786120577,0.6372053456985262,0.7777777777777778,0.4406798779964447,0.4020686149597168,6.9223737716674805,0.8331546187400818,-0.0824465230107307,-0.0906092748045921,3.0,6.0,2.1058000000000003,9.0,3.0,10.0,12.0,2.0,1.0,71.81779000000003,470.5220000000003,125.40000000000002,0.4533333333333333,0.4533333333333333,0.3733333333333333,0.3670886075949367,0.3246753246753247,False,False,False,False,False,CCOC(=O)C(CCc1ccccc1)NC(C)C(=O)N1C(C(=O)O)CC2CCCC21,CCOC(=O)C(CCc1ccccc1)NC(C)C(=O)N1C(C(=O)O)CC2CCCCC21,O=C(O)C(CCc1ccccc1)NC1CCCN2CCCC(C(=O)O)N2C1=O,CCOC(=O)C(CCc1ccccc1)NC1CCCN2CCCC(C(=O)O)N2C1=O,CCCC(NC(C)C(=O)N1C(C(=O)O)CC2CCCCC21)C(=O)OCC
entry-0000022,O=C(CCCN1CCC(O)(c2cccc(Cl)c2)CC1)c1ccc(F)cc1,DSUPVFQPRMPPAD-UHFFFAOYSA-N,O=C(CCCN1CCC(O)(c2cccc(Cl)c2)CC1)c1ccc(F)cc1,1.0,0.0,0.9987691107836092,0.970139741897583,0.979538083121549,0.9573078550618792,0.9881081112230768,0.9512472183814724,0.9988194800022758,0.9687913060188292,0.9999997615814208,7.935953140258789,4.7976789474487305,-0.336804986000061,-1.0564595460891724,1.0,3.0,4.425600000000004,5.0,3.0,6.0,12.0,0.0,1.0,57.737239,375.87100000000015,40.540000000000006,0.296875,0.2753623188405797,0.253012048192771,0.25,0.247191011235955,False,False,False,False,False,Fc1ccc(C(c2ccc(F)cc2)N2CCN(CCCc3ccccc3)CC2)cc1,OCCN1CCN(CCCN2c3ccccc3Sc3ccc(Cl)cc32)CC1,CCc1nn(CCCN2CCN(c3cccc(Cl)c3)CC2)c(=O)n1CCOc1ccccc1,O=c1[nH]c2ccccc2n1CCCN1CCC(Nn2c(=O)[nH]c3cc(Cl)ccc32)CC1,COc1cc(N)c(Cl)cc1C(=O)NC1CCN(CCCOc2ccc(F)cc2)CC1OC
entry-0000023,CC1=C(CC(=O)O)c2cc(F)ccc2/C1=C/c1ccc(S(C)=O)cc1,MLKXDPUZXIRXEP-UHFFFAOYSA-N,CC1=C(CC(=O)O)c2cc(F)ccc2C1=Cc1ccc([S+](C)[O-])cc1,1.0,0.965764166045124,0.9980048216015862,0.9498350620269777,0.9999533991196964,0.9588104962209671,0.9885028204631374,0.9512472183814724,0.9988194800022758,0.9114269614219666,0.9998966455459596,6.664358615875244,1.8548146486282349,-0.694205105304718,-0.1771619468927383,1.0,2.0,4.365500000000003,5.0,3.0,4.0,12.0,1.0,0.0,52.398481,356.41800000000006,60.36,0.2461538461538461,0.2419354838709677,0.2207792207792207,0.2179487179487179,0.203125,False,False,False,False,False,Cc1cc(CC(=O)O)n(C)c1C(=O)c1ccc(Cl)cc1,Cc1ccc(C(=O)c2ccc(CC(=O)O)n2C)cc1,CCOC(=O)c1ncn2c1CN(C)C(=O)c1cc(F)ccc1-2,CC(C)n1c(C=CC(O)CC(O)CC(=O)O)c(-c2ccc(F)cc2)c2ccccc21,O=C(O)Cc1ccccc1Oc1ccc(Cl)cc1Cl
entry-0000024,COC(=O)C1=C(C)NC(C)=C(OC(C)=O)[C@H]1c1ccccc1[N+](=O)[O-],ISFZLAMEFPJPKP-UHFFFAOYSA-N,COC(=O)C1C(C)=NC(C)=C(OC(C)=O)C1c1ccccc1[N+](=O)[O-],1.0,0.9667620221264784,0.9976671642008916,0.9266305565834044,0.9999996106385944,0.938618231672127,0.953245624153459,0.9500184665602,0.8877083688911646,0.94706392288208,0.9999802112579346,9.351359367370604,2.904816150665283,0.1913148313760757,0.3561034500598907,0.0,7.0,2.736700000000001,8.0,2.0,4.0,6.0,0.0,0.0,48.934274000000016,346.33900000000006,108.10000000000002,0.352112676056338,0.3209876543209876,0.2537313432835821,0.2456140350877192,0.2272727272727272,False,False,False,False,False,COC(=O)C1=C(C)N=C(C)C(C(=O)OC(C)C)C1c1cccc2nonc12,COC(=O)c1c(C)cc([N+](=O)[O-])c(C(=O)OCCN(C)Cc2ccccc2)c1C1C=C(C)NC(C)=C1,CC(C)C(=O)Nc1ccc([N+](=O)[O-])c(C(F)(F)F)c1,CC(=O)Oc1ccccc1C(=O)O,CC(=O)Nc1ccc(OC(=O)c2ccccc2OC(C)=O)cc1
entry-0000025,CCOC(=O)C1=C(C)NC(C)=C(C(=O)OC)[C@@H]1c1cccc([N+](=O)[O-])c1,VVTJQHCRBOHFTD-UHFFFAOYSA-N,CCOC(=O)C1=C(C)N=C(C)C(C(=O)OC)C1c1cccc([N+](=O)[O-])c1,1.0,0.958577612564449,0.9933572347556398,0.9255566000938416,0.9999945755569905,0.7939544889820684,0.953245624153459,0.9500184665602,0.9988194800022758,0.9371867179870604,0.9999846816062928,9.424696922302246,2.820584535598755,0.2986869215965271,0.3992997407913208,0.0,7.0,2.779200000000001,8.0,2.0,5.0,6.0,0.0,0.0,52.02786,360.366,108.1,0.380281690140845,0.3132530120481928,0.2409638554216867,0.2409638554216867,0.2361111111111111,False,False,False,False,False,COC(=O)C1=C(C)N=C(C)C(C(=O)OC(C)C)C1c1cccc2nonc12,COC(=O)c1c(C)cc([N+](=O)[O-])c(C(=O)OCCN(C)Cc2ccccc2)c1C1C=C(C)NC(C)=C1,CCOC(=O)C(CCc1ccccc1)NC(C)C(=O)N1C(C(=O)O)CC2CCCCC21,CCOC(=O)C(CCc1ccccc1)NC(C)C(=O)N1C(C(=O)O)CC2CCCC21,O=C1CN=C(c2ccccc2)c2cc([N+](=O)[O-])ccc2N1
entry-0000026,COC(=O)C1=C(C)NC(C)=C(C(=O)OCC(C)C)[C@H]1c1ccccc1[N+](=O)[O-],PKICUDXEAPMDNG-UHFFFAOYSA-N,COC(=O)C1=C(C)N=C(C)C(C(=O)OCC(C)C)C1c1ccccc1[N+](=O)[O-],1.0,0.8939493457027777,0.9933572347556398,0.9341399669647216,0.9999930517822524,0.938618231672127,0.946666676785038,0.8737187941488624,0.8877083688911646,0.9452730417251588,0.9999853372573853,9.244305610656738,2.899258136749268,0.3970224857330322,0.1948363184928894,0.0,7.0,3.415300000000002,8.0,2.0,6.0,6.0,0.0,0.0,58.21503200000001,388.4200000000001,108.1,0.4705882352941176,0.3373493975903614,0.2753623188405797,0.25,0.2428571428571428,False,False,False,False,False,COC(=O)C1=C(C)N=C(C)C(C(=O)OC(C)C)C1c1cccc2nonc12,COC(=O)c1c(C)cc([N+](=O)[O-])c(C(=O)OCCN(C)Cc2ccccc2)c1C1C=C(C)NC(C)=C1,CC(C)C(=O)Nc1ccc([N+](=O)[O-])c(C(F)(F)F)c1,CC(C)[N+](C)(CCOC(=O)C1c2ccccc2Oc2ccccc21)C(C)C,COC(=O)C(c1ccccc1)C1CCCCN1
entry-0000027,COC(=O)C1=C(C#N)NC(C)=C(C(=O)OC(C)C)[C@H]1c1cccc([N+](=O)[O-])c1,KJWGEXJCWCYEMI-UHFFFAOYSA-N,COC(=O)C1=C(C#N)N=C(C)C(C(=O)OC(C)C)C1c1cccc([N+](=O)[O-])c1,1.0,0.9016571235822852,0.9998821619282912,0.934106469154358,0.999954948464819,0.9437560762836558,0.946666676785038,0.885345343073517,0.7765972577800535,0.922871470451355,0.999981164932251,9.63307285308838,3.057421922683716,0.3351406157016754,0.5368966460227966,0.0,8.0,2.671380000000001,9.0,2.0,5.0,6.0,0.0,0.0,54.221067000000005,385.3760000000001,131.89,0.4246575342465753,0.2777777777777778,0.2602739726027397,0.2337662337662337,0.225,False,False,False,False,False,COC(=O)C1=C(C)N=C(C)C(C(=O)OC(C)C)C1c1cccc2nonc12,COC(=O)c1c(C)cc([N+](=O)[O-])c(C(=O)OCCN(C)Cc2ccccc2)c1C1C=C(C)NC(C)=C1,CC(C)C(=O)Nc1ccc([N+](=O)[O-])c(C(F)(F)F)c1,O=C1CN=C(c2ccccc2)c2cc([N+](=O)[O-])ccc2N1,O=C1CN=C(c2ccccc2Cl)c2cc([N+](=O)[O-])ccc2N1
entry-0000028,CCOC(=O)C1=C(C)NC(C)=C(C(=O)OCC)C1c1ccccc1/C=C/C(=O)OC(C)(C)C,BGYJFSXPRMOZJK-UHFFFAOYSA-N,CCOC(=O)C1=C(C)N=C(C)C(C(=O)OCC)C1c1ccccc1C=CC(=O)OC(C)(C)C,1.0,0.963369696709404,0.9902684481002382,0.9380028247833252,0.999999181969482,0.9577616785245522,0.7838151429389778,0.961282653439477,0.9988194800022758,0.9463959336280824,0.9999758005142212,9.318592071533203,3.076813220977783,0.53016197681427,0.1607939153909683,0.0,7.0,4.616000000000005,7.0,2.0,7.0,6.0,0.0,0.0,73.676169,455.5510000000002,91.26,0.3698630136986301,0.25,0.2328767123287671,0.2318840579710145,0.2272727272727272,False,False,False,False,False,COC(=O)C1=C(C)N=C(C)C(C(=O)OC(C)C)C1c1cccc2nonc12,CC(C)[N+](C)(CCOC(=O)C1c2ccccc2Oc2ccccc21)C(C)C,C[N+]1(C)CCCC1COC(=O)C(O)(c1ccccc1)c1ccccc1,CCOC(=O)C1(c2ccccc2)CCN(C)CC1,CCOC(=O)C(C)(C)Oc1ccc(Cl)cc1
entry-0000029,CCOC(=O)C1=C(C)NC(C)=C(C(=O)OC)[C@@H]1c1cccc(Cl)c1Cl,HAQDEJPEAKWAAM-UHFFFAOYSA-N,CCOC(=O)C1=C(C)N=C(C)C(C(=O)OC)C1c1cccc(Cl)c1Cl,1.0,0.9721927749491588,0.9933572347556398,0.9465070962905884,0.9999999414443808,0.9577616785245522,0.953245624153459,0.9512472183814724,0.9988194800022758,0.9845781922340392,1.0,9.37448024749756,3.028375625610352,0.325826495885849,0.4736114740371704,0.0,5.0,4.177800000000004,7.0,2.0,4.0,6.0,0.0,0.0,53.017067,384.259,64.96,0.46875,0.2807017543859649,0.2608695652173913,0.2539682539682539,0.25,False,False,False,False,False,COC(=O)C1=C(C)N=C(C)C(C(=O)OC(C)C)C1c1cccc2nonc12,N=C(N)NC(=O)Cc1c(Cl)cccc1Cl,CCOC(=O)C1=CC(OC(CC)CC)C(NC(C)=O)C(N)C1,CCOC(=O)C1(c2ccccc2)CCN(C)CC1,CCOC(=O)C(C)(C)Oc1ccc(Cl)cc1
entry-0000030,CC#Cc1cn([C@@H]2O[C@H](CO)[C@@H](O)[C@H]2O)c(=O)[nH]c1=O,QLOCVMVCRJOTTM-UHFFFAOYSA-N,CC#Cc1cn(C2OC(CO)C(O)C2O)c(=O)[nH]c1=O,0.0,0.0,0.9895549960365824,0.6824204325675964,0.999988576190886,0.8466322892793481,0.8047776789205496,0.7856565809410824,0.6657848324514991,0.9547911286354064,0.7299723625183105,7.887689590454102,0.7341610193252563,1.1589488983154297,1.226585865020752,4.0,7.0,-2.4805,8.0,2.0,2.0,6.0,0.0,0.0,37.467102,282.252,124.78,0.3442622950819672,0.3389830508474576,0.2741935483870967,0.2711864406779661,0.2318840579710145,False,False,False,False,False,O=C1NC(=O)N(C2OC(CO)C(O)C2O)CC1C=CBr,N=c1nc2n(cc1F)C1OC(CO)C(O)C1O2,Cc1cn(C2C=CC(CO)O2)c(=O)nc1N,CN(N=O)C(=O)NC1C(O)OC(CO)C(O)C1O,N#CC(OC1OC(COC2OC(CO)C(O)C(O)C2O)C(O)C(O)C1O)c1ccccc1
entry-0000031,COc1ccc(CCN(C)CCCN2CCc3cc(OC)c(OC)cc3CC2=O)cc1OC,KEDQCFRVSHYKLR-UHFFFAOYSA-N,COc1ccc(CCN(C)CCCN2CCc3cc(OC)c(OC)cc3CC2=O)cc1OC,1.0,0.9693917793162928,0.9986110084455182,0.8847922682762146,0.9999993932471553,0.9415618457486324,0.9883894527666128,0.9552293846743438,0.9991181657848324,0.8748747110366821,0.999996781349182,7.8572235107421875,5.459329605102539,0.0268460996448993,-0.1750609129667282,0.0,6.0,3.212800000000001,7.0,3.0,11.0,12.0,0.0,1.0,75.97454800000003,456.58300000000025,60.47,0.4,0.3378378378378378,0.3,0.2692307692307692,0.2622950819672131,False,False,False,False,False,COc1ccc(CCN(C)CCCC(C#N)(c2cc(OC)c(OC)c(OC)c2)C(C)C)cc1OC,COc1ccc(CC2c3cc(OC)c(OC)cc3CC[N+]2(C)CCC(=O)OCCCCCOC(=O)CC[N+]2(C)CCc3cc(OC)c(OC)cc3C2Cc2ccc(OC)c(OC)c2)cc1OC,COc1cc2c(cc1OC)C1CC(=O)C(CC(C)C)CN1CC2,COc1ccc2c3c1OC1C(=O)CCC4(O)C(C2)N(C)CCC314,CN(C)CCCN1c2ccccc2CCc2ccccc21
entry-0000032,O=c1ccc2ccccc2o1,ZYGHJZDHTFUPRJ-UHFFFAOYSA-N,O=c1ccc2ccccc2o1,1.0,0.9752070744462876,0.9984419733083952,0.9642676711082458,0.99999499090263,0.9436520706432212,0.9865320038334626,0.9512472183814724,0.8877083688911646,0.9745079874992372,0.9999979734420776,6.317495346069336,3.139625072479248,-1.5706779956817627,-0.9861178398132324,0.0,2.0,1.793,2.0,2.0,0.0,11.0,0.0,0.0,21.444758,146.14499999999998,30.21,0.2580645161290322,0.2558139534883721,0.2307692307692307,0.21875,0.2093023255813953,False,False,False,False,False,O=C1c2ccccc2C(=O)C1c1ccccc1,CCC(c1ccccc1)c1c(O)c2ccccc2oc1=O,NS(=O)(=O)Cc1noc2ccccc12,O=C1NNC(=O)C1(c1ccccc1)c1ccccc1,O=C(O)CCc1nc(-c2ccccc2)c(-c2ccccc2)o1
entry-0000033,CN/C(=C\[N+](=O)[O-])NCCSCc1csc(CN(C)C)n1,XPZQPVYGEOEOKS-UHFFFAOYSA-N,CN=C(C[N+](=O)[O-])NCCSCc1csc(CN(C)C)n1,1.0,0.0,0.9661085972839852,0.7260734438896179,0.9996339028905517,0.8451519153797237,0.9181664620374697,0.9512472183814724,0.967073448256244,0.8945080041885376,0.0897232294082641,4.949759483337402,0.0454842075705528,0.5088872909545898,1.709616780281067,1.0,7.0,1.3324999999999998,9.0,1.0,9.0,5.0,0.0,3.0,48.026653,331.4670000000001,83.66,0.2857142857142857,0.1830985915492957,0.1764705882352941,0.1739130434782608,0.1739130434782608,False,False,False,False,False,CN=C(NC#N)NCCSCc1[nH]cnc1C,O=C(NCCO[N+](=O)[O-])c1cccnc1,CCCNC(=O)NS(=O)(=O)c1ccc(Cl)cc1,COC(=O)c1c(C)cc([N+](=O)[O-])c(C(=O)OCCN(C)Cc2ccccc2)c1C1C=C(C)NC(C)=C1,CCCCNC(=O)NS(=O)(=O)c1ccc(C)cc1
entry-0000034,Cc1ncsc1CCCl,PCLITLDOTJTVDJ-UHFFFAOYSA-N,Cc1ncsc1CCCl,1.0,0.9580815463821044,0.9984419733083952,0.9578533172607422,0.999891197257517,0.7945494832158104,0.9871585702495028,0.9512472183814724,0.8559623371451328,0.9682223796844482,1.0,5.580077171325684,1.2175065279006958,0.3285692930221557,1.7762978076934814,0.0,2.0,2.23282,3.0,1.0,2.0,5.0,0.0,0.0,22.074344000000004,161.65699999999998,12.89,0.2051282051282051,0.173076923076923,0.1702127659574468,0.1666666666666666,0.1627906976744186,False,False,False,False,False,CNCCc1ccccn1,CN(C)CCOc1ccc(C(=C(CCCl)c2ccccc2)c2ccccc2)cc1,CN(C)CCN(c1ccc(Cl)cc1)c1ccccn1,Cc1nsc(NS(=O)(=O)c2ccc(N)cc2)c1C,C[N+](C)(CCOc1ccccc1)Cc1ccccc1
entry-0000035,NC(N)=Nc1nc(CSCCC(N)=NS(N)(=O)=O)cs1,XUFQPHANEAPEMJ-UHFFFAOYSA-N,N=C(CCSCc1csc(N=C(N)N)n1)NS(N)(=O)=O,1.0,0.0,0.2349031433208443,0.7743698954582214,0.0703647485072593,0.944105894105894,0.8196763894754023,0.7477358272668304,0.7369147180975139,0.750916600227356,0.0298641938716173,5.333779335021973,-0.3714554905891418,0.5047874450683594,2.0683555603027344,5.0,7.0,-0.5583299999999989,12.0,1.0,7.0,5.0,0.0,5.0,42.085895,337.456,173.32999999999998,0.2195121951219512,0.2033898305084746,0.1833333333333333,0.1805555555555555,0.1774193548387097,False,False,False,False,False,CC1C(=NC(=O)C(NOC(C)(C)C(=O)O)c2csc(N)n2)C(=O)N1S(=O)(=O)O,CC(=O)Nc1nnc(S(N)(=O)=O)s1,N=C(N)NN=Cc1c(Cl)cccc1Cl,O=C(O)CCC(=O)Nc1ccc(S(=O)(=O)Nc2nccs2)cc1,Cc1cc(C)nc(NS(=O)(=O)c2ccc(N)cc2)n1
entry-0000036,CO/N=C(\C(=O)N[C@@H]1C(=O)N2C(C(=O)O)=C(C[n+]3ccccc3)CS[C@@H]12)c1csc(N)n1,DUSOHVGDHONLKB-UHFFFAOYSA-O,CON=C(C(=O)NC1C(=O)N2C(C(=O)O)=C(C[n+]3ccccc3)CSC12)c1csc(N)n1,0.0,0.0,0.9648272568830172,0.2825415134429931,0.1762968874807192,0.447550815197874,0.6131353009681045,0.514910873279008,0.5235108380269671,0.465984970331192,0.3175711035728454,5.477346420288086,-0.061109110713005,0.2687326967716217,1.8559699058532717,3.0,9.0,-0.1978999999999976,13.0,4.0,7.0,11.0,1.0,1.0,62.51906700000001,475.5320000000001,151.08999999999995,0.6627906976744186,0.631578947368421,0.573170731707317,0.3409090909090909,0.2962962962962963,False,False,False,False,False,CON=C(C(=O)NC1C(=O)N2C(C(=O)O)=C(CSc3nc(=O)c(=O)[nH]n3C)CSC12)c1csc(N)n1,CON=C(C(=O)NC1C(=O)N2C(C(=O)O)=CCSC12)c1csc(N)n1,CON=C(C(C)=NC1C(=O)N2C(C(=O)O)=C(COC(C)=O)CSC12)c1csc(N)n1,CC1=C(C(=O)O)N2C(=O)C(NC(=O)C(N)C3=CCC=CC3)C2SC1,COCC1=C(C(=O)OC(C)OC(=O)OC(C)C)N2C(=O)C(=NC(=O)C(NOC)c3csc(N)n3)C2SC1
entry-0000037,CC(C)(O/N=C(\C(=O)N[C@@H]1C(=O)N2C(C(=O)O)=C(C[n+]3ccccc3)CS[C@@H]12)c1csc(N)n1)C(=O)O,ORFOPKXBNMVMKC-UHFFFAOYSA-O,CC(C)(ON=C(C(=O)NC1C(=O)N2C(C(=O)O)=C(C[n+]3ccccc3)CSC12)c1csc(N)n1)C(=O)O,0.0,0.0,0.0011450357126038,0.2187661081552505,0.0004971850563926,0.447550815197874,0.5330770138028229,0.1792299617880113,0.2222222222222222,0.2145141065120697,0.0045687998645007,5.370789527893066,-0.2561761736869812,0.3903191685676574,1.7785199880599976,4.0,10.0,0.0355000000000028,15.0,4.0,9.0,11.0,2.0,1.0,72.07023900000003,547.5950000000003,188.39,0.5638297872340425,0.5238095238095238,0.4777777777777778,0.3260869565217391,0.2929292929292929,False,False,False,False,False,CON=C(C(=O)NC1C(=O)N2C(C(=O)O)=C(CSc3nc(=O)c(=O)[nH]n3C)CSC12)c1csc(N)n1,CON=C(C(=O)NC1C(=O)N2C(C(=O)O)=CCSC12)c1csc(N)n1,CON=C(C(C)=NC1C(=O)N2C(C(=O)O)=C(COC(C)=O)CSC12)c1csc(N)n1,CC1=C(C(=O)O)N2C(=O)C(NC(=O)C(N)C3=CCC=CC3)C2SC1,CC1C(=NC(=O)C(NOC(C)(C)C(=O)O)c2csc(N)n2)C(=O)N1S(=O)(=O)O
entry-0000038,O=c1[nH]c2cc(Cl)ccc2o1,TZFWDZFKRBELIQ-UHFFFAOYSA-N,O=c1[nH]c2cc(Cl)ccc2o1,1.0,0.9732564730037212,0.9895549960365824,0.9762844443321228,0.999997606548784,0.9588104962209671,0.9885056880439888,0.9512472183814724,0.8877083688911646,0.9775605201721193,1.0,6.604815483093262,4.836588382720947,-0.8102139830589294,1.041896104812622,1.0,2.0,1.7745,4.0,2.0,0.0,10.0,0.0,0.0,19.871172,169.56699999999998,46.0,0.25,0.2448979591836734,0.2448979591836734,0.24,0.2391304347826087,False,False,False,False,False,CC1=NS(=O)(=O)c2cc(Cl)ccc2N1,O=C1CN=C(c2ccccc2)c2cc(Cl)ccc2N1,O=C1N=C(c2ccccc2)c2cc(Cl)ccc2NC1O,O=C1N=C(c2ccccc2Cl)c2cc(Cl)ccc2NC1O,O=C(O)Cc1ccccc1Oc1ccc(Cl)cc1Cl
entry-0000039,COc1ccc2c3c1O[C@H]1[C@@H](O)C=C[C@@H]4[C@H](C2)N(C)CC[C@]341,OROGSEYTTFOCAN-UHFFFAOYSA-N,COc1ccc2c3c1OC1C(O)C=CC4C(C2)N(C)CCC341,1.0,0.9729052453157498,0.9996469190141748,0.9603890776634216,0.9999989967400548,0.9411080222859594,0.9345178613950216,0.9512472183814724,0.9988194800022758,0.9786320924758912,0.9999852776527404,8.299098014831543,4.939455509185791,0.672408401966095,-0.228443905711174,1.0,4.0,1.5011,4.0,5.0,1.0,6.0,0.0,1.0,49.188653,299.3700000000001,41.93,0.6666666666666666,0.5606060606060606,0.4347826086956521,0.4117647058823529,0.2933333333333333,False,False,False,False,False,COc1ccc2c3c1OC1C(O)CCC4C(C2)N(C)CCC341,CC(=O)Oc1ccc2c3c1OC1C(OC(C)=O)C=CC4C(C2)N(C)CCCC341,COc1ccc2c3c1OC1C(=O)CCC4(O)C(C2)N(C)CCC314,COc1ccc2c3c1OC1CC(O)C=CC31CCN(C)C2,CCN1CCC23C4C=CC(O)C2OC2C(=O)C=CC(CC41)C23
entry-0000040,CN1CC[C@@]23c4c5ccc(O)c4O[C@H]2[C@@H](O)C=C[C@@H]3[C@@H]1C5,BQJCRHHNABKAKU-UHFFFAOYSA-N,CN1CCC23c4c5ccc(O)c4OC2C(O)C=CC3C1C5,1.0,0.9711826948424503,0.9984691588949736,0.9673022031784058,0.9999995960402436,0.9411080222859594,0.93388842739813,0.9512472183814724,0.9988194800022758,0.983163595199585,0.9999148845672609,8.716143608093262,4.806754112243652,0.6870282292366028,-0.3312894701957702,2.0,4.0,1.1981,4.0,5.0,0.0,6.0,0.0,1.0,46.095067000000014,285.343,52.93000000000001,0.5151515151515151,0.5081967213114754,0.352112676056338,0.3150684931506849,0.3108108108108108,False,False,False,False,False,CC(=O)Oc1ccc2c3c1OC1C(OC(C)=O)C=CC4C(C2)N(C)CCCC341,COc1ccc2c3c1OC1C(O)CCC4C(C2)N(C)CCC341,Oc1ccc2c3c1OC1C(O)CCC4(O)C(C2)N(CC2CCC2)CCC314,COc1ccc2c3c1OC1C(=O)CCC4(O)C(C2)N(C)CCC314,C=CCN1CCC23c4c5ccc(O)c4OC2C(=O)CCC3(O)C1C5
entry-0000041,CC[C@@H](C(N)=O)N1CCCC1=O,HPHUVLMMVZITSG-UHFFFAOYSA-N,CCC(C(N)=O)N1CCCC1=O,1.0,0.864330969161593,0.9868514458799916,0.9177634119987488,0.9988843584047769,0.8642953622321489,0.9867638610094422,0.9512472183814724,0.9988194800022758,0.978574275970459,1.0,5.561503410339356,3.321439027786255,1.5496784448623655,0.5579033493995667,1.0,2.0,-0.1272999999999999,4.0,1.0,3.0,0.0,0.0,0.0,27.219102000000003,170.212,63.400000000000006,0.2181818181818181,0.2156862745098039,0.2142857142857142,0.2105263157894736,0.208955223880597,False,False,False,False,False,CCn1nc(C(=O)O)c(=O)c2cc3c(cc21)OCO3,CCOC(=O)C1(c2ccccc2)CCN(C)CC1,CCC(C(=O)O)c1ccc(N2Cc3ccccc3C2=O)cc1,CC(CN1CCOCC1)C(C(=O)N1CCCC1)(c1ccccc1)c1ccccc1,CCOC(=O)C(CCc1ccccc1)NC1CCCN2CCCC(C(=O)O)N2C1=O
entry-0000042,CC[C@@H]1OC(=O)[C@@H](C)C(=O)[C@H](C)[C@@H](O[C@@H]2O[C@@H](C)C[C@@H](N(C)C)[C@@H]2O)[C@](C)(OC)C[C@H](C)C(=O)[C@H](C)[C@H]2N(CCCCn3cnc(-c4cccnc4)c3)C(=O)O[C@]12C,LJVAJPDWBABPEJ-UHFFFAOYSA-N,CCC1OC(=O)C(C)C(=O)C(C)C(OC2OC(C)CC(N(C)C)C2O)C(C)(OC)CC(C)C(=O)C(C)C2N(CCCCn3cnc(-c4cccnc4)c3)C(=O)OC12C,1.0,0.0,0.9990298991580576,0.9425539970397948,0.979781975940454,0.8502897599912524,0.7132856032633077,0.5897060247618057,0.7777777777777778,0.6712617874145508,0.9988809823989868,8.490365982055664,1.5698134899139404,1.1624106168746948,0.4493362009525299,1.0,14.0,4.929200000000005,15.0,5.0,11.0,11.0,0.0,1.0,132.54154500000007,812.0179999999997,171.85,0.4260869565217391,0.2093023255813953,0.1838235294117647,0.1833333333333333,0.1801801801801801,False,False,False,False,False,CCC1OC(=O)C(C)C(OC2CC(C)(OC)C(O)C(C)O2)C(C)C(OC2OC(C)CC(N(C)C)C2O)C(C)(O)CC(C)C(=O)C(C)C(O)C1(C)O,Cc1ccc(NC(=O)c2ccc(CN3CCN(C)CC3)cc2)cc1Nc1nccc(-c2cccnc2)n1,COC1(NC(=O)C(C(=O)O)c2ccc(O)cc2)C(=O)N2C(C(=O)O)=C(CSc3nnnn3C)COC21,CN(C)C1C(=O)C(C(N)=O)C(=O)C2(O)C(=O)C3C(=O)c4c(O)cccc4C(C)(O)C3C(O)C12,CN1C2CCC1CC(OC(=O)c1cn(C)c3ccccc13)C2
entry-0000043,CC1(C)O[C@H]2CO[C@]3(COS(N)(=O)=O)OC(C)(C)O[C@H]3[C@@H]2O1,KJADKKWYZYXHBB-UHFFFAOYSA-N,CC1(C)OC2COC3(COS(N)(=O)=O)OC(C)(C)OC3C2O1,1.0,0.273835069590821,0.9791605754251412,0.9525208473205566,0.9949092182926677,0.944105894105894,0.8862954803282408,0.7291748272758586,0.5546737213403881,0.7749568819999695,0.9998944997787476,7.378025054931641,2.4586880207061768,1.3606655597686768,0.7690318822860718,1.0,8.0,-0.3953999999999982,10.0,3.0,3.0,0.0,0.0,0.0,45.538653,339.3660000000001,115.54,0.1639344262295081,0.1518987341772152,0.1509433962264151,0.1428571428571428,0.1382978723404255,False,False,False,False,False,N=C(N)NCC1COC2(CCCCC2)O1,CCN1CCC(CNC(=O)c2cc(S(N)(=O)=O)ccc2OC)C1,O=[N+]([O-])OC1COC2C(O[N+](=O)[O-])COC12,CN1C2CC(OC(=O)C(CO)c3ccccc3)CC1C1OC12,CC(=O)N1CCN(c2ccc(OCC3COC(Cn4ccnc4)(c4ccc(Cl)cc4Cl)O3)cc2)CC1
entry-0000044,CCCc1cc(=O)[nH]c(=S)[nH]1,,,,,,,,,,,,,,,,,,,,,,,,,,,,,,,,,,,,,,,,,,,,
entry-0000045,C=CCNc1nc(NCC=C)nc(N2CCN(C(c3ccc(F)cc3)c3ccc(F)cc3)CC2)n1,OBDOVFRMEYHSQB-UHFFFAOYSA-N,C=CCNc1nc(NCC=C)nc(N2CCN(C(c3ccc(F)cc3)c3ccc(F)cc3)CC2)n1,1.0,0.9539792050123443,0.9621961439960142,0.9360359907150269,0.9999998375938326,0.9415618457486324,0.9345178613950216,0.9500114052607496,0.9997013142174432,0.9849424362182616,0.9999959468841552,6.882503509521484,6.023843288421631,-0.5337189435958862,0.4458386301994324,2.0,7.0,4.257200000000004,9.0,4.0,10.0,18.0,0.0,1.0,73.910997,477.56300000000016,69.21000000000001,0.3684210526315789,0.2352941176470588,0.2222222222222222,0.189873417721519,0.1829268292682926,False,False,False,False,False,Fc1ccc(C(c2ccc(F)cc2)N2CCN(CCCc3ccccc3)CC2)cc1,O=c1[nH]c2ccccc2n1CCCN1CCN(C(c2ccccc2)c2ccccc2)CC1,O=c1[nH]c2ccccc2n1C1CCN(CCC(c2ccc(F)cc2)c2ccc(F)cc2)CC1,NC1C2CN(c3nc4c(cc3F)c(=O)c(C(=O)O)cn4-c3ccc(F)cc3F)CC12,COc1ccc(CCN2CCC(Nc3nc4ccccc4n3Cc3ccc(F)cc3)CC2)cc1
entry-0000046,CC(=O)O[C@]1(C(C)=O)CC[C@@H]2[C@@H]3C=C(Cl)C4=CC(=O)[C@H]5C[C@@H]5[C@]4(C)[C@@H]3CC[C@@]21C,WZXZCWIUJRKDJF-UHFFFAOYSA-N,CC(=O)OC1(C(C)=O)CCC2C3=CC(Cl)=C4CC(=O)C5CC5C4(C)C3CCC21C,1.0,0.9639752751119278,0.9965839258435908,0.9382326006889344,0.9999981708383904,0.9224183988962072,0.8870461985790334,0.9512472183814724,0.9988194800022758,0.9468799233436584,1.0,9.93939971923828,0.6660467982292175,1.865622401237488,-0.1789958178997039,0.0,4.0,4.751700000000005,5.0,5.0,2.0,0.0,0.0,0.0,66.964997,416.9450000000002,60.440000000000005,0.5230769230769231,0.3636363636363636,0.2560975609756097,0.2235294117647059,0.2151898734177215,False,False,False,False,False,CC(=O)OC1(C(C)=O)CCC2C3=CC(C)=C4CC(=O)CCC4(C)C3CCC21C,CCCCCC(=O)OC1(C(C)=O)CCC2C3=CC=C4CC(=O)CCC4(C)C3CCC21C,C#CC1(OC(C)=O)CCC2C3CCC4=CC(OC(C)=O)CCC4C3CCC21C,CC12C=CC(=O)C=C1CCC1C3CC(O)C(O)(C(=O)CO)C3(C)CC(O)C12F,CC(=O)C1CCC2C3CC=C4CC(=O)CCC4(C)C3CCC12C
entry-0000047,C[C@H](O)Cn1cnc2c1c(=O)n(C)c(=O)n2C,KYHQZNGJUGFTGR-UHFFFAOYSA-N,CC(O)Cn1cnc2c1c(=O)n(C)c(=O)n2C,1.0,0.9465669257740912,0.9984419733083952,0.9736993312835692,0.9999985623062496,0.9588104962209671,0.965012946432284,0.9512472183814724,0.5917107583774252,0.9876718521118164,0.9990407824516296,5.13746976852417,4.976137638092041,0.5779790282249451,2.123006820678711,1.0,7.0,-1.1855,7.0,2.0,2.0,10.0,0.0,0.0,33.741102000000005,238.247,82.05000000000001,0.2542372881355932,0.1923076923076923,0.1911764705882352,0.1896551724137931,0.1846153846153846,False,False,False,False,False,CC(=O)OCC(CCn1cnc2cnc(N)nc21)COC(C)=O,Cc1ncc([N+](=O)[O-])n1CCO,CCOC(=O)c1ncn2c1CN(C)C(=O)c1cc(F)ccc1-2,CC(C)NCC(O)COc1ccc(CC(N)=O)cc1,Cn1c2c(c3ccccc31)C(=O)C(Cn1ccnc1)CC2
entry-0000048,Cn1c(=O)c2c(ncn2C)n(C)c1=O,RYYVLZVUVIJVGH-UHFFFAOYSA-N,Cn1c(=O)c2c(ncn2C)n(C)c1=O,1.0,0.8591176966981435,0.9984419733083952,0.9498849511146544,0.9999990261090456,0.9588104962209671,0.9341697689416656,0.8556374622839114,0.591710758377425,0.994532346725464,0.999189555644989,4.992462158203125,4.927920818328857,0.1499443799257278,2.79966139793396,0.0,6.0,-1.0293,6.0,2.0,0.0,10.0,0.0,0.0,26.75193,194.194,61.82,0.1967213114754098,0.1904761904761904,0.1896551724137931,0.1875,0.1851851851851851,False,False,False,False,False,CCOC(=O)c1ncn2c1CN(C)C(=O)c1cc(F)ccc1-2,Cc1cnc(C(=O)O)c[n+]1[O-],Cn1c2c(c3ccccc31)C(=O)C(Cn1ccnc1)CC2,CCS(=O)(=O)CCn1c([N+](=O)[O-])cnc1C,CSc1ccc2ncn(C=CC(=O)O)c(=O)c2c1
entry-0000049,CC(=O)CCCCn1c(=O)c2c(ncn2C)n(C)c1=O,BYPFEZZEUUWMEJ-UHFFFAOYSA-N,CC(=O)CCCCn1c(=O)c2c(ncn2C)n(C)c1=O,1.0,0.9549226297018546,0.988137154224756,0.9680901765823364,0.9999855165104716,0.8502897599912524,0.9341697689416656,0.9512472183814724,0.8139329805996472,0.9937503933906556,0.999735951423645,5.968195915222168,3.6369435787200928,0.7575575709342957,1.5716272592544556,0.0,7.0,0.193,7.0,2.0,5.0,10.0,0.0,0.0,41.68827400000001,278.31200000000007,78.89,0.21875,0.2142857142857142,0.2,0.2,0.1969696969696969,False,False,False,False,False,CC(=O)OCC(CCn1cnc2cnc(N)nc21)COC(C)=O,CCOC(=O)c1ncn2c1CN(C)C(=O)c1cc(F)ccc1-2,Cc1ncc([N+](=O)[O-])n1CCO,COc1ccc2cc(CCC(C)=O)ccc2c1,CN1C(C(=O)Nc2nccs2)C(=O)c2ccccc2S1(=O)=O
entry-0000050,O=C1CC[C@]2(O)[C@H]3Cc4ccc(O)c5c4[C@]2(CCN3CC2CC2)[C@@H]1O5,DQCKKXVULJGBQN-UHFFFAOYSA-N,O=C1CCC2(O)C3Cc4ccc(O)c5c4C2(CCN3CC2CC2)C1O5,1.0,0.9704568570070186,0.9945096264485456,0.9444574117660522,0.9999986459883502,0.9392132259058688,0.9667831642402352,0.9500184665602,0.9988194800022758,0.9785374999046326,0.9999735355377196,8.568130493164062,4.945753574371338,1.102546215057373,-0.649620771408081,2.0,5.0,1.5254,5.0,6.0,2.0,6.0,0.0,1.0,54.84423900000002,341.4070000000001,70.0,0.7457627118644068,0.6451612903225806,0.59375,0.2564102564102564,0.2325581395348837,False,False,False,False,False,C=CCN1CCC23c4c5ccc(O)c4OC2C(=O)CCC3(O)C1C5,Oc1ccc2c3c1OC1C(O)CCC4(O)C(C2)N(CC2CCC2)CCC314,COc1ccc2c3c1OC1C(=O)CCC4(O)C(C2)N(C)CCC314,COc1ccc2c3c1OC1C(O)CCC4C(C2)N(C)CCC341,CC(=O)Oc1ccc2c3c1OC1C(OC(C)=O)C=CC4C(C2)N(C)CCCC341
entry-0000051,CCOC(=O)N1CCC(=C2c3ccc(Cl)cc3CCc3cccnc32)CC1,JCCNYMKQOSZNPW-UHFFFAOYSA-N,CCOC(=O)N1CCC(=C2c3ccc(Cl)cc3CCc3cccnc32)CC1,1.0,0.9714456512397596,0.999799553045995,0.963578164577484,0.999998775736511,0.9411080222859594,0.8958438737944411,0.9512472183814724,0.9988194800022758,0.992763340473175,0.9999998807907104,5.81591796875,5.120120525360107,0.0738552510738372,0.0830096006393432,0.0,3.0,4.887800000000005,5.0,4.0,1.0,12.0,0.0,0.0,60.040239000000014,382.89100000000025,42.43,0.3246753246753247,0.2727272727272727,0.2686567164179104,0.265625,0.2535211267605634,False,False,False,False,False,CN1CCN(C(=O)OC2c3nccnc3C(=O)N2c2ccc(Cl)cn2)CC1,CN1CCC(=C2c3ccccc3CCc3sccc32)CC1,CCOC(=O)C1(c2ccccc2)CCN(C)CC1,CCOC(=O)C(C)(C)Oc1ccc(Cl)cc1,CN(C)CCCN1c2ccccc2CCc2ccc(Cl)cc21
entry-0000052,CN1CCC(=C2c3ccccc3CCc3cccnc32)CC1,SEBMTIQKRHYNIT-UHFFFAOYSA-N,CN1CCC(=C2c3ccccc3CCc3cccnc32)CC1,1.0,0.9674231559821344,0.9986587207391848,0.988150954246521,0.9999989498879924,0.7668217574056029,0.9345178613950216,0.9512472183814724,0.9988194800022758,0.9887133240699768,0.9999983906745912,7.764453887939453,4.035586833953857,-0.2938822507858276,-0.497872918844223,0.0,2.0,3.707700000000002,2.0,4.0,0.0,12.0,0.0,1.0,52.06944600000001,290.4100000000001,16.130000000000003,0.5581395348837209,0.4878048780487805,0.46,0.2857142857142857,0.2857142857142857,False,False,False,False,False,CN1CCC(=C2c3ccccc3CCc3sccc32)CC1,CN1CCC(=C2c3ccccc3C=Cc3ccccc32)CC1,CN1CCC(=C2c3ccccc3CC(=O)c3sccc32)CC1,CN(C)CCC=C1c2ccccc2CCc2ccccc21,CNCCC=C1c2ccccc2CCc2ccccc21
entry-0000053,CCc1[nH]c(=O)[nH]c1C(=O)c1ccncc1,OQGWJZOWLHWFME-UHFFFAOYSA-N,CCc1[nH]c(=O)[nH]c1C(=O)c1ccncc1,1.0,0.9750844074763552,0.9961573642889214,0.9841822981834412,0.999999900740538,0.9588104962209671,0.9351170291497898,0.9512472183814724,0.9988194800022758,0.9934616088867188,1.0,6.422093868255615,4.335763454437256,-0.2356467992067337,1.9552757740020752,2.0,3.0,0.8914000000000001,5.0,2.0,3.0,11.0,0.0,0.0,31.598723000000003,217.228,78.61,0.4318181818181818,0.3947368421052631,0.2745098039215686,0.2553191489361702,0.2363636363636363,False,False,False,False,False,CSc1ccc(C(=O)c2[nH]c(=O)[nH]c2C)cc1,NNC(=O)c1ccncc1,Cc1[nH]c(=O)c(C#N)cc1-c1ccncc1,CCc1cc(C(N)=S)ccn1,O=C(NCCO[N+](=O)[O-])c1cccnc1
entry-0000054,CCN1CCC[C@@H]1CNC(=O)c1cc(S(=O)(=O)CC)ccc1OC,UNRHXEPDKXPRTM-UHFFFAOYSA-N,CCN1CCCC1CNC(=O)c1cc(S(=O)(=O)CC)ccc1OC,1.0,0.954447219658624,0.988955863421856,0.9180028438568116,0.9999781088114994,0.861336891394421,0.8721223207757965,0.9512472183814724,0.9988194800022758,0.9654399752616882,0.9999926686286926,7.907784461975098,5.700909614562988,0.3341239690780639,0.1102674305438995,1.0,5.0,1.7029,7.0,2.0,7.0,6.0,0.0,1.0,55.56461800000001,354.4720000000001,75.71000000000001,0.5625,0.3287671232876712,0.2857142857142857,0.28,0.2647058823529412,False,False,False,False,False,CCN1CCC(CNC(=O)c2cc(S(N)(=O)=O)ccc2OC)C1,O=C(NCC1CCCCN1)c1cc(OCC(F)(F)F)ccc1OCC(F)(F)F,CCN(CC)CCNC(=O)c1cc(Cl)c(N)cc1OC,COc1ccc2c3c1OC1C(O)CCC4C(C2)N(C)CCC341,Cc1ccc(S(=O)(=O)NC(=O)NN2CC3CCCC3C2)cc1
entry-0000055,CCN1CCC[C@@H]1CNC(=O)c1c(OC)ccc(Br)c1OC,GUJRSXAPGDDABA-UHFFFAOYSA-N,CCN1CCCC1CNC(=O)c1c(OC)ccc(Br)c1OC,1.0,0.9615589660238472,0.9859580259012392,0.9093931317329408,0.9999995346801152,0.861336891394421,0.964663747642756,0.9512472183814724,0.9988194800022758,0.9615817666053772,0.9999998807907104,8.02799129486084,5.314529895782471,0.3559665977954864,0.3007946908473968,1.0,4.0,2.680400000000001,6.0,2.0,6.0,6.0,0.0,1.0,51.152239,371.2750000000001,50.80000000000001,0.4,0.2702702702702703,0.2666666666666666,0.2571428571428571,0.240506329113924,False,False,False,False,False,CCN1CCC(CNC(=O)c2cc(S(N)(=O)=O)ccc2OC)C1,COc1ccc2c3c1OC1C(O)CCC4C(C2)N(C)CCC341,O=C(NCC1CCCCN1)c1cc(OCC(F)(F)F)ccc1OCC(F)(F)F,CCN(CC)CCNC(=O)c1cc(Cl)c(N)cc1OC,COc1ccc2c3c1OC1C(=O)CCC4(O)C(C2)N(C)CCC314
entry-0000056,CCOc1ccccc1OCCN[C@@H](C)Cc1ccc(OC)c(S(N)(=O)=O)c1,DRHKJLXJIQTDTD-UHFFFAOYSA-N,CCOc1ccccc1OCCNC(C)Cc1ccc(OC)c(S(N)(=O)=O)c1,1.0,0.967751462679838,0.9983647369629792,0.9584222435951232,0.9999748925806828,0.964441946802088,0.988543174923581,0.9500184665602,0.9988194800022758,0.8799262642860413,0.9999748468399048,6.338192462921143,2.433032274246216,-0.4842845499515533,-0.3532754480838775,2.0,6.0,2.3409000000000004,8.0,2.0,11.0,12.0,0.0,1.0,62.98020399999999,408.5200000000001,99.88,0.2903225806451613,0.2857142857142857,0.282051282051282,0.2711864406779661,0.2702702702702703,False,False,False,False,False,COc1ccccc1OCC(O)COC(N)=O,CCN(CCCCOC(=O)c1ccc(OC)c(OC)c1)C(C)Cc1ccc(OC)cc1,CCN1CCC(CNC(=O)c2cc(S(N)(=O)=O)ccc2OC)C1,COc1cccc(CC(C)N)c1,CCCCNc1cc(C(=O)O)cc(S(N)(=O)=O)c1Oc1ccccc1
entry-0000057,COc1ccccc1OCCNC[C@@H](O)c1ccc(C)cc1S(N)(=O)=O,WBZDNIKGVXXXMV-UHFFFAOYSA-N,COc1ccccc1OCCNCC(O)c1ccc(C)cc1S(N)(=O)=O,1.0,0.8397824706030903,0.9996469190141748,0.983933925628662,0.999307680275052,0.944105894105894,0.9587699113553037,0.8818575470199701,0.9988194800022758,0.900572657585144,0.9997903108596802,4.195436954498291,1.795129895210266,-0.6014299392700195,-0.2670615911483764,3.0,6.0,1.35302,8.0,2.0,9.0,12.0,0.0,1.0,56.79303199999999,380.4660000000001,110.88,0.3888888888888889,0.3559322033898305,0.296875,0.282051282051282,0.2702702702702703,False,False,False,False,False,COc1ccccc1OCCNCC(O)OCc1cccc2[nH]c3ccccc3c12,COc1ccccc1OCC(O)COC(N)=O,Cc1ccc(C)c(OCCCC(C)(C)C(=O)O)c1,CCN1CCC(CNC(=O)c2cc(S(N)(=O)=O)ccc2OC)C1,CCCNCC(O)COc1ccccc1C(=O)CCc1ccccc1
entry-0000058,CN(CCOc1ccc(NS(C)(=O)=O)cc1)CCc1ccc(NS(C)(=O)=O)cc1,IXTMWRCNAAVVAI-UHFFFAOYSA-N,CN(CCOc1ccc(NS(C)(=O)=O)cc1)CCc1ccc(NS(C)(=O)=O)cc1,1.0,0.2721686143495014,0.9983396240001272,0.9535860419273376,0.9999659591025168,0.9415618457486324,0.9533670650059296,0.849263663938282,0.9988194800022758,0.7597277760505676,0.9782902002334596,3.930374145507813,2.191676139831543,-0.7166642546653748,0.081787109375,2.0,6.0,1.9829,10.0,2.0,11.0,12.0,0.0,1.0,64.553411,441.57500000000016,104.81,0.3333333333333333,0.3220338983050847,0.3,0.293103448275862,0.2857142857142857,False,False,False,False,False,CCOC(Cc1ccc(OCCc2ccc(OS(C)(=O)=O)cc2)cc1)C(=O)O,CCCCCCCN(CC)CCCC(O)c1ccc(NS(C)(=O)=O)cc1,CC(C)NCC(O)COc1cccc(NS(C)(=O)=O)c1,CN(C)CCOc1ccc(C(=C(CCCl)c2ccccc2)c2ccccc2)cc1,CCC(=C(c1ccccc1)c1ccc(OCCN(C)C)cc1)c1ccccc1
entry-0000059,C[C@H](C(=O)O)c1ccc(-c2cccc(F)c2)cc1,TYCOFFBAZNSQOJ-UHFFFAOYSA-N,CC(C(=O)O)c1ccc(-c2cccc(F)c2)cc1,1.0,0.9715876559998472,0.992815586195078,0.9447111487388612,0.9999869835526056,0.9588104962209671,0.9878762540470972,0.9512472183814724,0.9988194800022758,0.9575762748718262,0.9999952912330629,6.274037837982178,1.2018184661865234,-1.5636892318725586,-1.055405616760254,1.0,1.0,3.6808000000000014,3.0,2.0,3.0,12.0,1.0,0.0,37.229309,244.265,37.3,0.4390243902439024,0.4358974358974359,0.4285714285714285,0.3953488372093023,0.3673469387755102,False,False,False,False,False,CC(C(=O)O)c1cccc(C(=O)c2ccccc2)c1,CC(C)Cc1ccc(C(C)C(=O)O)cc1,CC(C(=O)O)c1cccc(Oc2ccccc2)c1,COc1ccc2cc(C(C)C(=O)O)ccc2c1,CC(C(=O)O)c1ccc(N2Cc3ccccc3C2=O)cc1
entry-0000060,O=C(O)c1cc(-c2ccc(F)cc2F)ccc1O,HUPFGZXOMWLGNK-UHFFFAOYSA-N,O=C(O)c1cc(-c2ccc(F)cc2F)ccc1O,1.0,0.9729903182510724,0.9980733164280788,0.961816906929016,0.9999863217358744,0.9411080222859594,0.9878762540470972,0.9512472183814724,0.9988194800022758,0.9386619329452516,0.9999924898147584,3.482497215270996,3.4920341968536377,-1.4762483835220337,0.0128539009019732,2.0,2.0,3.035600000000001,5.0,2.0,2.0,12.0,1.0,0.0,31.734344000000004,250.2,57.53,0.4324324324324324,0.3255813953488372,0.32,0.2769230769230769,0.25,False,False,False,False,False,Nc1ccc(O)c(C(=O)O)c1,O=C(Oc1ccccc1C(=O)O)c1ccccc1O,CC(C)(C)NCC(O)c1ccc(O)c(C(=O)O)c1,NC1C2CN(c3nc4c(cc3F)c(=O)c(C(=O)O)cn4-c3ccc(F)cc3F)CC12,CC(=O)Oc1ccccc1C(=O)O
entry-0000061,CON=C(C(=O)N[C@H]1C(=O)N2C(C(=O)O)=C(CSc3nc(C)c(CC(=O)O)s3)CS[C@@H]12)c1csc(N)n1,XDZKBRJLTGRPSS-UHFFFAOYSA-N,CON=C(C(=O)NC1C(=O)N2C(C(=O)O)=C(CSc3nc(C)c(CC(=O)O)s3)CSC12)c1csc(N)n1,0.0,0.0,9.48425269659686e-05,0.2794966995716095,0.0013900977460188,0.5248172987143576,0.5132951039833191,0.2539668038932745,0.2222222222222222,0.091195672750473,0.0172828920185565,5.422950744628906,-0.0784535333514213,0.6884519457817078,2.2684006690979004,4.0,13.0,0.9987200000000008,17.0,4.0,10.0,10.0,2.0,0.0,72.34986,584.683,197.4,0.7045454545454546,0.5975609756097561,0.5632183908045977,0.3157894736842105,0.3008849557522124,False,False,False,False,False,CON=C(C(=O)NC1C(=O)N2C(C(=O)O)=C(CSc3nc(=O)c(=O)[nH]n3C)CSC12)c1csc(N)n1,CON=C(C(=O)NC1C(=O)N2C(C(=O)O)=CCSC12)c1csc(N)n1,CON=C(C(C)=NC1C(=O)N2C(C(=O)O)=C(COC(C)=O)CSC12)c1csc(N)n1,CC1=C(C(=O)O)N2C(=O)C(NC(=O)C(N)C3=CCC=CC3)C2SC1,COCC1=C(C(=O)OC(C)OC(=O)OC(C)C)N2C(=O)C(=NC(=O)C(NOC)c3csc(N)n3)C2SC1
entry-0000062,CC[C@H](C)n1ncn(-c2ccc(N3CCN(c4ccc(OC[C@@H]5CO[C@@](Cn6cncn6)(c6ccc(Cl)cc6Cl)O5)cc4)CC3)cc2)c1=O,VHVPQPYKVGDNFY-UHFFFAOYSA-N,CCC(C)n1ncn(-c2ccc(N3CCN(c4ccc(OCC5COC(Cn6cncn6)(c6ccc(Cl)cc6Cl)O5)cc4)CC3)cc2)c1=O,1.0,0.1712679129567336,0.9992457887929396,0.8858209848403931,0.9932688294490148,0.9415618457486324,0.967862882405778,0.7498363298737736,1.0,0.9223729372024536,0.9999685883522034,6.588776588439941,5.353176116943359,-0.379908949136734,0.2279957979917526,0.0,12.0,5.5773000000000055,14.0,7.0,11.0,28.0,0.0,0.0,103.30613400000009,705.6470000000002,104.70000000000002,0.5591397849462365,0.2616822429906542,0.2156862745098039,0.2,0.1962616822429906,False,False,False,False,False,CC(=O)N1CCN(c2ccc(OCC3COC(Cn4ccnc4)(c4ccc(Cl)cc4Cl)O3)cc2)CC1,CCc1nn(CCCN2CCN(c3cccc(Cl)c3)CC2)c(=O)n1CCOc1ccccc1,CC(C(O)(Cn1cncn1)c1ccc(F)cc1F)S(C)(=O)=O,CCOC(=O)C(C)(C)Oc1ccc(Cl)cc1,CC(=O)NCC1CN(c2ccc(N3CCOCC3)c(F)c2)C(=O)O1
entry-0000063,COc1ccc(Cl)cc1C(=O)NCCc1ccc(S(=O)(=O)NC(=O)NC2CCCCC2)cc1,ZNNLBTZKUZBEKO-UHFFFAOYSA-N,COc1ccc(Cl)cc1C(=O)NCCc1ccc(S(=O)(=O)NC(=O)NC2CCCCC2)cc1,1.0,0.8447198161664069,0.978845503174755,0.9561184048652648,0.9999987710018258,0.8642953622321489,0.9216752987935444,0.8419745820524259,0.9997013142174432,0.8519682288169861,0.9997783899307252,4.287829399108887,1.7265231609344482,-0.061451569199562,-0.2301730364561081,3.0,5.0,3.641700000000003,10.0,3.0,8.0,12.0,0.0,0.0,71.54020400000002,494.0130000000003,113.6,0.5942028985507246,0.4938271604938271,0.46875,0.4268292682926829,0.40625,False,False,False,False,False,Cc1cnc(C(=O)NCCc2ccc(S(=O)(=O)NC(=O)NC3CCCCC3)cc2)cn1,COc1ccc2c(c1)C(=O)N(CCc1ccc(S(=O)(=O)NC(=O)NC3CCCCC3)cc1)C(=O)C2(C)C,CC(=O)c1ccc(S(=O)(=O)NC(=O)NC2CCCCC2)cc1,CCC1=C(C)CN(C(=O)NCCc2ccc(S(=O)(=O)NC(=O)NC3CCC(C)CC3)cc2)C1=O,CCCNC(=O)NS(=O)(=O)c1ccc(Cl)cc1
entry-0000064,CCCCCOC(=O)Nc1nc(=O)n([C@@H]2O[C@@H](C)[C@@H](O)[C@H]2O)cc1F,GAGWJHPBXLXJQN-UHFFFAOYSA-N,CCCCCOC(=O)Nc1nc(=O)n(C2OC(C)C(O)C2O)cc1F,1.0,0.7172489342141587,0.9668062693114852,0.9445643424987792,0.9982026956150326,0.944105894105894,0.9865200063454984,0.866726649938695,0.8877083688911646,0.9479311108589172,0.9999808073043824,7.822817802429199,2.2619545459747314,1.243199586868286,0.973011314868927,3.0,8.0,0.7601999999999995,10.0,2.0,6.0,6.0,0.0,0.0,49.738446,359.35400000000004,122.91,0.2816901408450704,0.2465753424657534,0.2025316455696202,0.1976744186046511,0.1976744186046511,False,False,False,False,False,N=c1nc2n(cc1F)C1OC(CO)C(O)C1O2,Cc1cn(C2C=CC(CO)O2)c(=O)nc1N,CC(=O)OCC(CCn1cnc2cnc(N)nc21)COC(C)=O,CC(=O)NCC1CN(c2ccc(N3CCOCC3)c(F)c2)C(=O)O1,CC1COc2c(N3CCN(C)CC3)c(F)cc3c(=O)c(C(=O)O)cn1c23
entry-0000065,Nc1ccn([C@H]2CC[C@H](CO)O2)c(=O)n1,WREGKURFCTUGRC-UHFFFAOYSA-N,Nc1ccn(C2CCC(CO)O2)c(=O)n1,1.0,0.9754597995875018,0.9984691588949736,0.979026198387146,0.999994402440452,0.9632493409583192,0.9538976044589752,0.9512472183814724,0.9988194800022758,0.9733887314796448,0.9999905228614808,9.49079418182373,3.2561397552490234,0.9295275807380676,1.0275133848190308,2.0,6.0,-0.5046000000000002,6.0,2.0,2.0,6.0,0.0,0.0,30.214309,211.221,90.37,0.3636363636363636,0.2222222222222222,0.2156862745098039,0.2131147540983606,0.2096774193548387,False,False,False,False,False,Cc1cn(C2C=CC(CO)O2)c(=O)nc1N,CN1C2CC(OC(=O)C(CO)c3ccccc3)CC1C1OC12,Nc1ccc(N=Nc2ccccc2)c(N)n1,N=C1CCN(C2CSC(CO)O2)C(=O)N1,N=c1nc2n(cc1F)C1OC(CO)C(O)C1O2
entry-0000066,CC(C)(C(=O)c1cccnc1)c1cccnc1,FJLBFSROUSIWMA-UHFFFAOYSA-N,CC(C)(C(=O)c1cccnc1)c1cccnc1,1.0,0.9717429710307453,0.9951391245053736,0.9643216133117676,0.9999934891207998,0.9588104962209671,0.9865320038334626,0.9460801119610676,0.9988194800022758,0.989898443222046,1.0,5.346000671386719,4.002944946289063,-0.7602230906486511,0.85466068983078,0.0,3.0,2.637100000000001,3.0,2.0,3.0,12.0,0.0,0.0,36.977102,226.279,42.85,0.5625,0.3725490196078431,0.3541666666666667,0.3181818181818182,0.2978723404255319,False,False,False,False,False,O=C(O)c1cccnc1,CC(C)N(CCC(C(N)=O)(c1ccccc1)c1cccnc1)C(C)C,O=C(NCCO[N+](=O)[O-])c1cccnc1,O=P(O)(O)C(O)(Cc1cccnc1)P(=O)(O)O,CN1C(=O)CCC1c1cccnc1
entry-0000067,CC1(C)NC(=O)N(c2ccc([N+](=O)[O-])c(C(F)(F)F)c2)C1=O,XWXYUMMDTVBTOU-UHFFFAOYSA-N,CC1(C)NC(=O)N(c2ccc([N+](=O)[O-])c(C(F)(F)F)c2)C1=O,1.0,0.9580368618246832,0.9969255047835835,0.8423003554344177,0.9999164963000252,0.9224183988962072,0.971462900808428,0.9512472183814724,0.8877083688911646,0.983623504638672,0.9999996423721312,5.419532775878906,1.3463596105575562,-0.0829599425196647,1.2825877666473389,1.0,4.0,2.4484000000000004,10.0,2.0,2.0,6.0,0.0,0.0,35.96693,317.223,92.55,0.4,0.25,0.2307692307692307,0.2205882352941176,0.2191780821917808,False,False,False,False,False,CC(C)C(=O)Nc1ccc([N+](=O)[O-])c(C(F)(F)F)c1,O=[N+]([O-])c1ccc(O)c2ncccc12,O=C1CN=C(c2ccccc2)c2cc([N+](=O)[O-])ccc2N1,O=C1CN=C(c2ccccc2Cl)c2cc([N+](=O)[O-])ccc2N1,CC(O)(CS(=O)(=O)c1ccc(F)cc1)C(=O)Nc1ccc(C#N)c(C(F)(F)F)c1
entry-0000068,CCn1cc(C(=O)O)c(=O)c2cc(F)c(N3CCN[C@@H](C)C3)c(F)c21,ZEKZLJVOYLTDKK-UHFFFAOYSA-N,CCn1cc(C(=O)O)c(=O)c2cc(F)c(N3CCNC(C)C3)c(F)c21,1.0,0.8497793539914612,0.99967114802047,0.9620642066001892,0.9999979773642113,0.8440882409220865,0.9893233329958808,0.9512472183814724,0.9988194800022758,0.9416064620018004,0.9955509305000304,6.8154401779174805,5.893942832946777,0.1765218675136566,1.4304755926132202,2.0,5.0,1.7959,8.0,3.0,3.0,11.0,1.0,1.0,49.40906700000001,351.353,74.57000000000001,0.4347826086956521,0.3289473684210526,0.3058823529411765,0.240506329113924,0.2394366197183098,False,False,False,False,False,CC1COc2c(N3CCN(C)CC3)c(F)cc3c(=O)c(C(=O)O)cn1c23,NC1C2CN(c3nc4c(cc3F)c(=O)c(C(=O)O)cn4-c3ccc(F)cc3F)CC12,COc1c2c(cc(F)c1N1CC3CCCNC3C1)C(=O)C(C(=O)O)=CC2NC1CC1,CCN1CCC23C4C=CC(O)C2OC2C(=O)C=CC(CC41)C23,CCn1nc(C(=O)O)c(=O)c2cc3c(cc21)OCO3
entry-0000069,CCn1cc(C(=O)O)c(=O)c2cc(F)c(N3CCN(C)CC3)cc21,FHFYDNQZQSQIAI-UHFFFAOYSA-N,CCn1cc(C(=O)O)c(=O)c2cc(F)c(N3CCN(C)CC3)cc21,1.0,0.7087539092716882,0.9980733164280788,0.9279043078422546,0.9999990110363508,0.861336891394421,0.9660002848389349,0.9512472183814724,0.9988194800022758,0.948732852935791,0.9904983043670654,6.272250175476074,5.920646667480469,0.0413249097764492,1.2484655380249023,1.0,5.0,1.6105000000000005,7.0,3.0,3.0,11.0,1.0,1.0,49.51886000000001,333.36300000000006,65.78,0.4461538461538462,0.352112676056338,0.296875,0.2786885245901639,0.2533333333333333,False,False,False,False,False,CC1COc2c(N3CCN(C)CC3)c(F)cc3c(=O)c(C(=O)O)cn1c23,NC1C2CN(c3nc4c(cc3F)c(=O)c(C(=O)O)cn4-c3ccc(F)cc3F)CC12,CCn1nc(C(=O)O)c(=O)c2cc3c(cc21)OCO3,CCOC(=O)C1(c2ccccc2)CCN(C)CC1,CC(=O)NCC1CN(c2ccc(N3CCOCC3)c(F)c2)C(=O)O1
entry-0000070,C[C@@H]1OC(=O)C[C@H](O)C[C@H](O)CC[C@@H](O)[C@H](O)C[C@H](O)C[C@@]2(O)C[C@@H](O)[C@@H](C(=O)O)[C@H](C[C@@](O)(O[C@@H]3O[C@@H](C)[C@@H](O)[C@H](N)[C@@H]3O)C=CC=CC=CC=CC=CC=CC=C[C@@H](C)[C@H](O)[C@@H]1C)O2,SSSMDIANGULMCV-UHFFFAOYSA-N,CC1C=CC=CC=CC=CC=CC=CC=CC(O)(OC2OC(C)C(O)C(N)C2O)CC2OC(O)(CC(O)CC(O)C(O)CCC(O)CC(O)CC(=O)OC(C)C(C)C1O)CC(O)C2C(=O)O,0.0,0.0,0.9812573743598112,0.2218475639820099,0.0019575815886083,0.7004881726896652,0.5347857904411109,0.5311601149681644,0.3333333333333333,0.7248542308807373,0.0183825958520174,8.302817344665527,0.9523277282714844,1.8624067306518557,-0.2037439346313476,13.0,18.0,0.0317000000000054,19.0,3.0,3.0,0.0,1.0,1.0,146.9318890000001,940.0900000000004,339.84,0.2206896551724138,0.1860465116279069,0.175438596491228,0.1727272727272727,0.1705426356589147,False,False,False,False,False,CCC(C)C1C(C)C2CC3(CC4CC(CC=C(C)C(OC5CC(OC)C(OC6CC(OC)C(O)C(C)O6)C(C)O5)C(C)C=CC=C5COC6C(O)C(C)=CC(C(=O)O4)C56O)O3)OC21,CCC1OC(=O)C(C)C(OC2CC(C)(OC)C(O)C(C)O2)C(C)C(OC2OC(C)CC(N(C)C)C2O)C(C)(O)CC(C)C(=O)C(C)C(O)C1(C)O,CC1CC2C3CC=C4CC(=O)C=CC4(C)C3(F)C(O)CC2(C)C1(O)C(=O)CO,CCN1CCC23C4C=CC(O)C2OC2C(=O)C=CC(CC41)C23,C=CC12CCC(OC3CC(OC)C(O)C(C)O3)CC1(O)CCC1C2CCC2(C)C(C3=CC(=O)OC3)CCC12O
entry-0000071,CC1(C)O[C@H]2C[C@H]3[C@@H]4CCC5=CC(=O)C=C[C@H]5[C@]4(F)[C@H](O)C[C@]3(C)[C@@]2(C(=O)CO)O1,LPHSGBZKAFGLQI-UHFFFAOYSA-N,CC1(C)OC2CC3C4CCc5cc(O)ccc5C4(F)C(O)CC3(C)C2(C(=O)CO)O1,1.0,0.9666522299381224,0.9992294141570875,0.9570608139038086,0.9999999615006392,0.9415618457486324,0.8802033774991816,0.9500184665602,0.9988194800022758,0.9638569951057434,0.999994933605194,9.838567733764648,0.7369157671928406,1.121612548828125,-0.4518672525882721,3.0,6.0,2.3619000000000008,7.0,5.0,2.0,6.0,0.0,0.0,65.185997,420.47700000000026,96.22,0.3625,0.2906976744186046,0.282051282051282,0.2619047619047619,0.2619047619047619,False,False,False,False,False,CC12C=CC(=O)C=C1CCC1C3CC(O)C(O)(C(=O)CO)C3(C)CC(O)C12F,CC1CC2C3CC=C4CC(=O)C=CC4(C)C3(F)C(O)CC2(C)C1(O)C(=O)CO,C#CC1(O)CCC2C3CCc4cc(O)ccc4C3CCC21C,CC12CCC(=O)C=C1CCC1C2C(O)CC2(C)C1CCC2(O)C(=O)CO,CC12C=CC(=O)C=C1CCC1C2C(O)CC2(C)C1CCC2(O)C(=O)CO
entry-0000072,CCC[C@@H]1O[C@@H]2C[C@@H]3[C@@H]4CCC5=CC(=O)C=C[C@]5(C)[C@@H]4[C@@H](O)C[C@]3(C)[C@]2(C(=O)CO)O1,UNISKOOZAQCSPC-UHFFFAOYSA-N,CCCC1OC2CC3C4CC=C5CC(=O)C=CC5(C)C4C(O)CC3(C)C2(C(=O)CO)O1,1.0,0.9628225344171816,0.9918511855591494,0.9619324803352356,0.9999897801123644,0.9224183988962072,0.9115767445896932,0.9500184665602,0.9988194800022758,0.9384039640426636,0.9999996423721312,10.07236385345459,0.9894552826881408,2.0332696437835693,-0.3962095975875854,2.0,6.0,2.716800000000001,6.0,5.0,4.0,0.0,0.0,0.0,71.48296200000001,430.5410000000002,93.06,0.3902439024390244,0.3875,0.3809523809523809,0.3214285714285714,0.2954545454545454,False,False,False,False,False,CC1=C2CC(=O)C=CC2(C)C2C(O)CC3(C)C(CCC3(O)C(=O)CO)C2C1,CC12C=CC(=O)C=C1CCC1C2C(O)CC2(C)C1CCC2(O)C(=O)CO,CC1CC2C3CC=C4CC(=O)C=CC4(C)C3(F)C(O)CC2(C)C1(O)C(=O)CO,CC12CCC(=O)C=C1CCC1C2C(O)CC2(C)C1CCC2(O)C(=O)CO,CC12C=CC(=O)C=C1CCC1C3CC(O)C(O)(C(=O)CO)C3(C)CC(O)C12F
entry-0000073,CC1(C)O[C@H]2C[C@H]3[C@@H]4C[C@H](F)C5=CC(=O)C=C[C@]5(C)[C@H]4[C@H](O)C[C@@]3(C)[C@@]2(C(=O)CO)O1,XSFJVAJPIHIPKU-UHFFFAOYSA-N,CC1(C)OC2CC3C4CC(F)C5=CC(=O)C=CC5(C)C4C(O)CC3(C)C2(C(=O)CO)O1,1.0,0.944665165676796,0.951374568362653,0.9762123227119446,0.9999999116854512,0.9577616785245522,0.8640728922913944,0.9500184665602,0.9988194800022758,0.9458041787147522,0.9999997615814208,9.98495101928711,0.9134243726730348,1.840381622314453,0.0119847459718585,2.0,6.0,2.2747000000000006,7.0,5.0,2.0,0.0,0.0,0.0,68.279583,434.50400000000025,93.06,0.4189189189189189,0.3670886075949367,0.3333333333333333,0.3125,0.2941176470588235,False,False,False,False,False,CC12C=CC(=O)C=C1CCC1C2C(O)CC2(C)C1CCC2(O)C(=O)CO,CC1=C2CC(=O)C=CC2(C)C2C(O)CC3(C)C(CCC3(O)C(=O)CO)C2C1,CC12C=CC(=O)C=C1CCC1C3CC(O)C(O)(C(=O)CO)C3(C)CC(O)C12F,CC12CCC(=O)C=C1CCC1C2C(O)CC2(C)C1CCC2(O)C(=O)CO,CC1CC2C3CC=C4CC(=O)C=CC4(C)C3(F)C(O)CC2(C)C1(O)C(=O)CO
entry-0000074,CCCC[N+]1(C)[C@@H]2C[C@@H](OC(=O)[C@@H](CO)c3ccccc3)C[C@@H]1[C@H]1O[C@H]12,YBCNXCRZPWQOBR-UHFFFAOYSA-N,CCCC[N+]1(C)C2CC(OC(=O)C(CO)c3ccccc3)CC1C1OC12,0.0,0.0,0.7022097285565109,0.3445832431316376,0.9999993241674774,0.7476783105531777,0.9342656650746662,0.8552293846743438,0.1111111111111111,0.8166599869728088,0.0003023368772119,9.006701469421387,3.083909511566162,0.7700162529945374,-1.0300302505493164,1.0,4.0,2.233,5.0,4.0,7.0,6.0,0.0,1.0,61.27179000000001,360.4740000000001,59.06,0.6181818181818182,0.5689655172413793,0.5263157894736842,0.273972602739726,0.2586206896551724,False,False,False,False,False,CN1C2CC(OC(=O)C(CO)c3ccccc3)CC1C1OC12,CC(C)[N+]1(C)C2CCC1CC(OC(=O)C(CO)c1ccccc1)C2,CN1C2CCC1CC(OC(=O)C(CO)c1ccccc1)C2,CCC1CC(OC(=O)C(O)(c2ccccc2)c2ccccc2)CC(C)[N+]12CCCC2,NC(=O)OCC(COC(N)=O)c1ccccc1
entry-0000075,CC[N+]1(C)[C@@H]2C[C@@H](OC(=O)[C@@H](CO)c3ccccc3)C[C@@H]1[C@H]1O[C@H]12,NVOYVOBDTVTBDX-UHFFFAOYSA-N,CC[N+]1(C)C2CC(OC(=O)C(CO)c3ccccc3)CC1C1OC12,0.0,0.0,0.202843622350039,0.3419090509414673,0.9999991997542867,0.7476783105531777,0.9515354019167714,0.8552293846743438,0.2222222222222222,0.8120555281639099,0.0002592390519566,8.888304710388184,3.301809787750244,0.5981441140174866,-0.8462449908256531,1.0,4.0,1.4527999999999996,5.0,4.0,5.0,6.0,0.0,1.0,55.08461800000002,332.4200000000001,59.06,0.6666666666666666,0.6415094339622641,0.5961538461538461,0.2898550724637681,0.2878787878787879,False,False,False,False,False,CN1C2CC(OC(=O)C(CO)c3ccccc3)CC1C1OC12,CC(C)[N+]1(C)C2CCC1CC(OC(=O)C(CO)c1ccccc1)C2,CN1C2CCC1CC(OC(=O)C(CO)c1ccccc1)C2,CCC1CC(OC(=O)C(O)(c2ccccc2)c2ccccc2)CC(C)[N+]12CCCC2,CN1C2CCC1CC(OC(=O)c1cn(C)c3ccccc13)C2
entry-0000076,O=C(O)c1cc(N=Nc2ccc(S(=O)(=O)Nc3ccccn3)cc2)ccc1O,NCEXYHBECQHGNR-UHFFFAOYSA-N,O=C(O)c1cc(N=Nc2ccc(S(=O)(=O)Nc3ccccn3)cc2)ccc1O,1.0,0.0,0.9795989709105006,0.9634685516357422,0.8547964542719669,0.9588104962209671,0.8885898681931412,0.9500184665602,0.9988194800022758,0.5361456871032715,0.8850964307785034,3.9952688217163086,2.993424892425537,-1.2662755250930786,0.5074865818023682,3.0,7.0,3.701600000000001,10.0,3.0,6.0,18.0,1.0,0.0,52.325102000000015,398.4000000000001,141.31,0.390625,0.3137254901960784,0.3050847457627119,0.2985074626865671,0.2903225806451613,False,False,False,False,False,O=C(O)c1ccccc1C(=O)Nc1ccc(S(=O)(=O)Nc2nccs2)cc1,Nc1ccc(O)c(C(=O)O)c1,Cc1cc(NS(=O)(=O)c2ccc(N)cc2)no1,O=C(O)CCC(=O)Nc1ccc(S(=O)(=O)Nc2nccs2)cc1,COCCOc1cnc(NS(=O)(=O)c2ccccc2)nc1
entry-0000077,CCCNC(Cc1cccc2c1CC(=O)N2)NCCC,WXIZVFVOQSRUJU-UHFFFAOYSA-N,CCCNC(Cc1cccc2[nH]c(O)cc12)NCCC,1.0,0.0,0.999490345867725,0.9665760397911072,0.973302057604186,0.846486959539491,0.9378708592136712,0.9512472183814724,0.9988194800022758,0.9878661036491394,0.9999996423721312,6.185661315917969,3.437250852584839,0.0803589969873428,-0.2742825746536255,4.0,3.0,2.7413000000000007,4.0,2.0,8.0,10.0,0.0,2.0,48.931825,275.3960000000001,60.08,0.2753623188405797,0.2459016393442623,0.2448979591836734,0.2321428571428571,0.2222222222222222,False,False,False,False,False,COc1ccccc1OCCNCC(O)OCc1cccc2[nH]c3ccccc3c12,CC(C)NCC(O)COc1cccc2[nH]ccc12,CC[N+](C)(C)c1cccc(O)c1,CCCNC(=O)NS(=O)(=O)c1ccc(Cl)cc1,CC(C)NC(C)C(O)c1cccc2ccccc12
entry-0000078,Cc1ccc(S(=O)(=O)NC(=O)N[C@@H]2[C@H]3CC[C@](C)([C@H]2O)C3(C)C)cc1,RMTYNAPTNBJHQI-UHFFFAOYSA-N,Cc1ccc(S(=O)(=O)NC(=O)NC2C3CCC(C)(C2O)C3(C)C)cc1,1.0,0.8827069786190149,0.9971781389979644,0.9667171239852904,0.9997047852275288,0.8687342069695011,0.942650302732258,0.8939732260412322,0.9988194800022758,0.9734777212142944,0.99972265958786,4.269873142242432,2.252833843231201,0.5007798075675964,-0.0469043999910354,3.0,4.0,2.16852,7.0,3.0,3.0,6.0,0.0,0.0,57.324618,366.4830000000001,95.5,0.4545454545454545,0.4339622641509434,0.4107142857142857,0.3571428571428571,0.3392857142857143,False,False,False,False,False,Cc1ccc(S(=O)(=O)NC(=O)NN2CC3CCCC3C2)cc1,CCCCNC(=O)NS(=O)(=O)c1ccc(C)cc1,CC(=O)c1ccc(S(=O)(=O)NC(=O)NC2CCCCC2)cc1,Cc1cnc(C(=O)NCCc2ccc(S(=O)(=O)NC(=O)NC3CCCCC3)cc2)cn1,CCCNC(=O)NS(=O)(=O)c1ccc(Cl)cc1
entry-0000079,O=C(c1ccc(F)cc1)C1CCN(CCn2c(=O)[nH]c3ccccc3c2=O)CC1,FPCCSQOGAWCVBH-UHFFFAOYSA-N,O=C(c1ccc(F)cc1)C1CCN(CCn2c(=O)[nH]c3ccccc3c2=O)CC1,1.0,0.9728011109921236,0.9878904342880144,0.9599960446357728,0.9999985790314496,0.9589542843683208,0.9787124825633268,0.9512472183814724,0.9988194800022758,0.9917036294937134,0.9999960660934448,6.911303520202637,4.849127292633057,-0.2762162089347839,-0.1834598928689956,1.0,5.0,2.423800000000001,7.0,4.0,5.0,17.0,0.0,1.0,59.65244600000002,395.43400000000014,75.17,0.4029850746268656,0.3289473684210526,0.3235294117647059,0.2875,0.2727272727272727,False,False,False,False,False,O=c1[nH]c2ccccc2n1C1CCN(CCC(c2ccc(F)cc2)c2ccc(F)cc2)CC1,O=c1[nH]c2ccccc2n1CCCN1CCC(Nn2c(=O)[nH]c3cc(Cl)ccc32)CC1,O=c1[nH]c2ccccc2n1CCCN1CCN(C(c2ccccc2)c2ccccc2)CC1,COc1ccc(CCN2CCC(Nc3nc4ccccc4n3Cc3ccc(F)cc3)CC2)cc1,Fc1ccc(C(c2ccc(F)cc2)N2CCN(CCCc3ccccc3)CC2)cc1
entry-0000080,NC(=O)N1c2ccccc2C=Cc2ccccc21,FFGPTBGBLSHEPO-UHFFFAOYSA-N,NC(=O)N1c2ccccc2C=Cc2ccccc21,1.0,0.9775080377959746,0.9984691588949736,0.9685130715370178,0.9999944301599774,0.9588104962209671,0.9831638426067922,0.9512472183814724,0.9988194800022758,0.9801093339920044,0.9999999403953552,4.303089618682861,4.237614154815674,-1.5607833862304688,-0.5221948623657227,1.0,1.0,3.3872000000000018,3.0,3.0,0.0,12.0,0.0,0.0,37.403516,236.274,46.330000000000005,0.4594594594594595,0.3157894736842105,0.2702702702702703,0.2666666666666666,0.2571428571428571,False,False,False,False,False,N=C1Cc2ccccc2N(C(N)=O)c2ccccc21,NC(=O)C[S+]([O-])C(c1ccccc1)c1ccccc1,NC(=O)OCC(COC(N)=O)c1ccccc1,CC(c1cc2ccccc2s1)N(O)C(N)=O,Nc1ccc(S(=O)(=O)c2ccc(O)cc2)cc1
entry-0000081,NCCC[C@](N)(C(=O)O)C(F)F,VLCYCQAOQCDTCN-UHFFFAOYSA-N,NCCCC(N)(C(=O)O)C(F)F,1.0,0.7323998833602042,0.9572077454563664,0.9172884821891784,0.9996631140977376,0.9588104962209671,0.9859025698365712,0.9374614188262456,0.9988194800022758,0.8226053714752197,0.9937241673469543,7.354214191436768,1.514405608177185,1.3334637880325315,0.7948225140571594,3.0,3.0,-0.2274999999999994,6.0,0.0,5.0,0.0,1.0,2.0,23.479516,182.17,89.34,0.2195121951219512,0.1944444444444444,0.1904761904761904,0.1875,0.175,False,False,False,False,False,NC(=O)C[S+]([O-])C(c1ccccc1)c1ccccc1,NCC1CCC(C(=O)O)CC1,NC(CCC(=O)O)c1ccc(Cl)cc1,Cc1ccc(C)c(OCCCC(C)(C)C(=O)O)c1,NC(=O)OCC(COC(N)=O)c1ccccc1
entry-0000082,CN(C)C(=N)NC(=N)N,XZWYZXLIPXDOLR-UHFFFAOYSA-N,CN(C)C(N)=NC(=N)N,1.0,0.0,0.3641173290502777,0.8978096842765808,0.9996546653712725,0.8451519153797237,0.8397111623989996,0.8504703558635068,0.5546737213403881,0.9344208240509032,0.1410536468029022,5.598672389984131,6.653813362121582,0.4452508389949798,2.178079843521118,3.0,1.0,-1.2438299999999982,5.0,0.0,0.0,0.0,0.0,5.0,19.874723,129.167,91.49,0.18,0.1707317073170731,0.1538461538461538,0.1463414634146341,0.1428571428571428,False,False,False,False,False,N=C(N=C(N)NCCCCN=C(N)N=C(N)Nc1ccc(Cl)cc1)Nc1ccc(Cl)cc1,CC(C)N=C(N)N=C(N)Nc1ccc(Cl)cc1,N=C(N)NN=Cc1c(Cl)cccc1Cl,CN(C)C(=O)Oc1cccc([N+](C)(C)C)c1,N=C(N)NCC1COC2(CCCCC2)O1
entry-0000083,O=NN(CCCl)C(=O)NCCCl,DLGOEMSEDOSKAD-UHFFFAOYSA-N,O=NN(CCCl)C(=O)NCCCl,1.0,0.9485640210747556,0.9445474339248234,0.9315271973609924,0.9999960540761575,0.942754451592401,0.9869175831664104,0.9512472183814724,0.8797718609546566,0.9725902676582336,1.0,7.678355693817139,2.0720374584198,0.8625423312187195,1.4460859298706057,1.0,3.0,1.157,7.0,0.0,5.0,0.0,0.0,0.0,24.065137,214.052,61.77,0.2291666666666666,0.217391304347826,0.1785714285714285,0.1739130434782608,0.1702127659574468,False,False,False,False,False,CN(N=O)C(=O)NC1C(O)OC(CO)C(O)C1O,O=C(O)CCCc1ccc(N(CCCl)CCCl)cc1,CCN(CC)CCNC(=O)c1cc(Cl)c(N)cc1OC,CCCN(CCC)S(=O)(=O)c1ccc(C(=O)O)cc1,O=P1(N(CCCl)CCCl)OCCCN1CCCl
entry-0000084,OC(O)C(Cl)(Cl)Cl,RNFNDJAIBTYOQL-UHFFFAOYSA-N,OC(O)C(Cl)(Cl)Cl,1.0,0.913148187746056,0.9951530541235816,0.5614823698997498,0.9999885735127152,0.9443510705173976,0.9859025698365712,0.94262852524665,0.6657848324514991,0.5891950726509094,0.999999701976776,7.216175556182861,2.1097450256347656,1.3692086935043335,1.0515186786651611,2.0,2.0,0.6672999999999998,5.0,0.0,0.0,0.0,0.0,0.0,13.664378999999998,165.403,40.46,0.1923076923076923,0.16,0.1333333333333333,0.1290322580645161,0.1212121212121212,False,False,False,False,False,CNC(C)C(O)c1ccccc1,CC(N)C(O)c1ccccc1,OCC(O)COc1ccc(Cl)cc1,CC(C)(C)NCC(O)c1cc(O)cc(O)c1,CC(NC(C)(C)C)C(=O)c1ccc(Cl)cc1
entry-0000085,O=CN(O)CCCP(=O)(O)O,GJXWDTUCERCKIX-UHFFFAOYSA-N,O=CN(O)CCCP(=O)(O)O,0.0,0.0,0.988955605013792,0.9330191612243652,0.0059241872587046,0.944105894105894,0.9859025698365712,0.7332929038729501,0.2222222222222222,0.8283202648162842,0.6232569217681885,7.525084972381592,3.700995683670044,1.0329533815383911,0.985483944416046,3.0,3.0,-0.5982000000000002,7.0,0.0,5.0,0.0,2.0,0.0,22.447930000000003,183.1,98.07,0.1794871794871795,0.1333333333333333,0.1333333333333333,0.1304347826086956,0.1276595744680851,False,False,False,False,False,O=P(O)(O)C(Cc1ccc(Cl)cc1)P(=O)(O)O,CCCN(CCC)S(=O)(=O)c1ccc(C(=O)O)cc1,O=P(O)(O)C(O)(Cc1cccnc1)P(=O)(O)O,CNNCc1ccc(C(=O)NC(C)C)cc1,O=C(O)CCCc1ccc(N(CCCl)CCCl)cc1
entry-0000086,CCCC(CCC)C(=O)O,NIJJYAXOARWZEE-UHFFFAOYSA-N,CCCC(CCC)C(=O)O,1.0,0.9417456624570186,0.988955605013792,0.8404911160469055,0.9999537122154252,0.8463445212234924,0.9859025698365712,0.9512472183814724,0.9432639244467202,0.7998631596565247,0.9998893737792968,7.078042984008789,0.8773260116577148,1.9320979118347168,-0.9816355109214784,1.0,1.0,2.2874,2.0,0.0,5.0,0.0,1.0,0.0,26.352688000000004,144.214,37.3,0.25,0.2424242424242424,0.2424242424242424,0.2352941176470588,0.2115384615384615,False,False,False,False,False,CCCN(CCC)S(=O)(=O)c1ccc(C(=O)O)cc1,CC(C)Cc1ccc(C(C)C(=O)O)cc1,CCCC(C)C1(CC)C(=O)NC(=O)NC1=O,CCN(CC)C(C)C(=O)c1ccccc1,CCCC(NC(C)C(=O)N1C(C(=O)O)CC2CCCCC21)C(=O)OCC
entry-0000087,CC(=O)NCCCS(=O)(=O)O,AFCGFAGUEYAMAO-UHFFFAOYSA-N,CC(=O)NCCCS(=O)(=O)O,0.0,0.0,0.988955605013792,0.8251228928565979,0.9993325686426756,0.9588104962209671,0.9722019273693556,0.9512472183814724,0.6663679808841099,0.8509899973869324,0.9607588052749634,4.545145988464356,1.7322527170181274,1.050026774406433,1.060979247093201,2.0,3.0,-0.5995999999999997,6.0,0.0,4.0,0.0,1.0,0.0,23.342723,181.213,83.47,0.2790697674418604,0.2444444444444444,0.2272727272727272,0.2222222222222222,0.2195121951219512,False,False,False,False,False,CCCCNC(=O)NS(=O)(=O)c1ccc(C)cc1,Cc1cccc(C)c1NC(=O)NCCCNC(C)C,CCCNC(=O)NS(=O)(=O)c1ccc(Cl)cc1,CC(=O)Nc1c(I)c(NC(C)=O)c(I)c(C(=O)O)c1I,CC(=O)Nc1nnc(S(N)(=O)=O)s1
entry-0000088,CCN(CC)C(=S)SSC(=S)N(CC)CC,AUZONCFQVSMFAP-UHFFFAOYSA-N,CCN(CC)C(=S)SSC(=S)N(CC)CC,1.0,0.8676581234118208,0.9013118711562276,0.9516305327415466,0.9999995370619092,0.939667049368542,0.9728451472396747,0.8896165229378274,0.7768959435626103,0.9113826155662536,1.0,7.1214375495910645,6.288358688354492,0.967126488685608,0.6655418872833252,0.0,4.0,3.621200000000002,6.0,0.0,4.0,0.0,0.0,0.0,44.73586,296.5520000000001,6.48,0.1666666666666666,0.1632653061224489,0.1621621621621621,0.1578947368421052,0.1555555555555555,False,False,False,False,False,CCN(CC)C(C)C(=O)c1ccccc1,CCN(CC)CCNC(=O)c1cc(Cl)c(N)cc1OC,CCc1cc(C(N)=S)ccn1,CCCc1cc(C(N)=S)ccn1,CCN(C)C(=O)Oc1cccc(C(C)N(C)C)c1
entry-0000089,CCO,LFQSCWFLJHTTHZ-UHFFFAOYSA-N,CCO,1.0,0.8505867305730151,0.9951530541235816,0.8292388916015625,0.9989354276224084,0.9459974998238392,0.9865320038334626,0.9512472183814724,0.6663679808841099,0.729663610458374,0.9999605417251588,7.848424911499023,1.918548822402954,1.8174904584884644,-0.3618349730968475,1.0,1.0,-0.0014,1.0,0.0,0.0,0.0,0.0,0.0,8.322758,46.069,20.23,0.1851851851851851,0.1538461538461538,0.1428571428571428,0.1379310344827586,0.1379310344827586,False,False,False,False,False,CCN(CC)C(C)C(=O)c1ccccc1,CC[N+](C)(C)c1cccc(O)c1,CC[N+](CC)(CC)CCOc1cccc(OCC[N+](CC)(CC)CC)c1OCC[N+](CC)(CC)CC,CC=C(c1ccc(O)cc1)C(CC)c1ccc(O)cc1,CCc1cc(C(N)=S)ccn1
entry-0000090,O=C(O)CN(CCN(CC(=O)O)CC(=O)O)CC(=O)O,KCXVZYZYPLLWCC-UHFFFAOYSA-N,O=C(O)CN(CCN(CC(=O)O)CC(=O)O)CC(=O)O,0.0,0.0,0.0002663354950811,0.1244914680719375,0.0010408816217917,0.9448048939800708,0.686105647333014,0.5052617424075414,0.3888888888888889,0.4265910685062408,2.450769542861053e-08,6.331015586853027,0.7568180561065674,1.0566778182983398,1.3340562582015991,4.0,6.0,-2.071199999999996,10.0,0.0,11.0,0.0,4.0,2.0,36.884688,292.244,155.68,0.2162162162162162,0.2121212121212121,0.2,0.1944444444444444,0.1944444444444444,False,False,False,False,False,O=C(O)CCCc1ccc(N(CCCl)CCCl)cc1,CCN(CC)C(C)C(=O)c1ccccc1,CCN(CC)CCOC(=O)C1(C2CCCCC2)CCCCC1,CCN(CC)CC(=O)Nc1c(C)cccc1C,CCCN(CCC)S(=O)(=O)c1ccc(C(=O)O)cc1
entry-0000091,CC(O)(P(=O)(O)O)P(=O)(O)O,DBVJJBKOTRCVKF-UHFFFAOYSA-N,CC(O)(P(=O)(O)O)P(=O)(O)O,0.0,0.0,0.0026653079652513,0.9233561158180236,0.001520798811965,0.9408596552123104,0.8430008625786436,0.476031512758308,0.0,0.6063767075538635,2.0823579689022157e-05,7.020447731018066,3.344216823577881,0.7936886548995972,1.161540150642395,5.0,3.0,-0.9922000000000002,9.0,0.0,2.0,0.0,4.0,0.0,21.728344,206.027,135.29000000000002,0.2352941176470588,0.15625,0.1388888888888889,0.1333333333333333,0.131578947368421,False,False,False,False,False,O=P(O)(O)C(O)(Cc1cccnc1)P(=O)(O)O,O=P(O)(O)C(Cc1ccc(Cl)cc1)P(=O)(O)O,CC(NC(C)(C)C)C(=O)c1ccc(Cl)cc1,CC(C)(Oc1ccc(CCNC(=O)c2ccccc2)cc1)C(=O)O,CCOC(=O)C(C)(C)Oc1ccc(Cl)cc1
entry-0000092,NCCC(O)(P(=O)(O)O)P(=O)(O)O,WRUUGTRCQOWXEG-UHFFFAOYSA-N,NCCC(O)(P(=O)(O)O)P(=O)(O)O,0.0,0.0,0.0036452846100644,0.9674074053764344,0.0028165313202405,0.7842032967032967,0.8745798099470647,0.3436159743824631,0.0,0.8655694723129272,0.000149267289089,8.133235931396484,5.345373153686523,1.0138332843780518,0.8678176999092102,6.0,4.0,-1.6633000000000002,10.0,0.0,4.0,0.0,4.0,1.0,26.588723000000005,235.069,161.30999999999997,0.3055555555555556,0.2,0.1818181818181818,0.16,0.1515151515151515,False,False,False,False,False,O=P(O)(O)C(O)(Cc1cccnc1)P(=O)(O)O,O=P(O)(O)C(Cc1ccc(Cl)cc1)P(=O)(O)O,NNC(=O)c1ccncc1,COCCCCC(=NOCCN)c1ccc(C(F)(F)F)cc1,NCC1CCC(C(=O)O)CC1
entry-0000093,NCC(=O)O,DHMQDGOQFOQNFH-UHFFFAOYSA-N,NCC(=O)O,1.0,0.0,0.9868514458799916,0.121832862496376,0.977911438005654,0.9588104962209671,0.9859025698365712,0.9512472183814724,0.7219235364396654,0.7897788286209106,1.5477777196792886e-05,6.679127216339111,0.8052356243133545,0.9115579724311828,1.5785737037658691,2.0,2.0,-0.9703,3.0,0.0,1.0,0.0,1.0,1.0,9.557965,75.067,63.32000000000001,0.3636363636363636,0.2592592592592592,0.2333333333333333,0.1935483870967742,0.1923076923076923,False,False,False,False,False,NCC1CCC(C(=O)O)CC1,NC(=O)OCC(COC(N)=O)c1ccccc1,NC(CCC(=O)O)c1ccc(Cl)cc1,NC(=O)C[S+]([O-])C(c1ccccc1)c1ccccc1,NNC(=O)c1ccncc1
entry-0000094,O=P(O)(O)C(Cl)(Cl)P(=O)(O)O,ACSIXWWBWUQEHA-UHFFFAOYSA-N,O=P(O)(O)C(Cl)(Cl)P(=O)(O)O,0.0,0.0,0.1426978677520744,0.8850748538970947,0.0006589090724378,0.9408596552123104,0.8430008625786436,0.5177879695783241,0.0,0.5920052528381348,0.0006132471607998,7.399454116821289,2.007033109664917,0.6278948783874512,1.5034514665603638,4.0,2.0,0.4307000000000003,10.0,0.0,2.0,0.0,4.0,0.0,20.859172,244.891,115.06,0.2058823529411764,0.2,0.1142857142857142,0.1111111111111111,0.1052631578947368,False,False,False,False,False,O=P(O)(O)C(O)(Cc1cccnc1)P(=O)(O)O,O=P(O)(O)C(Cc1ccc(Cl)cc1)P(=O)(O)O,NC(CCC(=O)O)c1ccc(Cl)cc1,CC(NC(C)(C)C)C(=O)c1ccc(Cl)cc1,CCOC(=O)C(C)(C)Oc1ccc(Cl)cc1
entry-0000095,NCCCC(O)(P(=O)(O)O)P(=O)(O)O,OGSPWJRAVKPPFI-UHFFFAOYSA-N,NCCCC(O)(P(=O)(O)O)P(=O)(O)O,0.0,0.0,0.0036452846100644,0.9442091584205629,0.0019139552790419,0.7842032967032967,0.8745798099470647,0.3865452673117561,0.0,0.8692359328269958,0.000287851318717,8.123390197753906,5.0726423263549805,1.1591624021530151,0.5762028694152832,6.0,4.0,-1.2732,10.0,0.0,5.0,0.0,4.0,1.0,29.682309000000004,249.096,161.30999999999997,0.2972972972972973,0.1944444444444444,0.1568627450980392,0.1521739130434782,0.15,False,False,False,False,False,O=P(O)(O)C(O)(Cc1cccnc1)P(=O)(O)O,O=P(O)(O)C(Cc1ccc(Cl)cc1)P(=O)(O)O,COCCCCC(=NOCCN)c1ccc(C(F)(F)F)cc1,Cc1ccc(C)c(OCCCC(C)(C)C(=O)O)c1,NC(=O)C[S+]([O-])C(c1ccccc1)c1ccccc1
entry-0000096,CC[C@@H](CO)NCCN[C@H](CC)CO,AEUTYOVWOVBAKS-UHFFFAOYSA-N,CCC(CO)NCCNC(CC)CO,1.0,0.0,0.988955605013792,0.9233953952789308,0.9760539914154084,0.9600031020647356,0.934081018439468,0.8829848738658297,0.777479091995221,0.9379226565361024,0.6269174218177795,5.908617973327637,2.3789913654327397,1.8293853998184204,-0.5133259296417236,4.0,4.0,-0.292599999999999,4.0,0.0,9.0,0.0,0.0,2.0,37.407032,204.314,64.52,0.2,0.175,0.1714285714285714,0.1636363636363636,0.1621621621621621,False,False,False,False,False,CC(C)NCC(O)c1cc(O)cc(O)c1,CC(NCCc1ccc(O)cc1)C(O)c1ccc(O)cc1,CC[N+](C)(C)c1cccc(O)c1,CCN(CCO)CCC(C)Nc1ccnc2cc(Cl)ccc12,CC(C)(C)NCC(O)c1cc(O)cc(O)c1
entry-0000097,C[C@@H](C[N+](C)(C)C)OC(N)=O,NZUPCNDJBJXXRF-UHFFFAOYSA-O,CC(C[N+](C)(C)C)OC(N)=O,0.0,0.0,0.6755988899876949,0.5008854866027832,0.9370931698364706,0.8514823658350211,0.6111383907459669,0.7556812739776508,0.3333333333333333,0.7832120060920715,8.157721822499298e-06,7.907162189483643,3.635001659393311,0.8876888155937195,1.256708025932312,1.0,2.0,0.1764,4.0,0.0,3.0,0.0,0.0,1.0,27.459481,161.22499999999997,52.32,0.2432432432432432,0.2325581395348837,0.22,0.2040816326530612,0.2,False,False,False,False,False,NC(=O)OCC(COC(N)=O)c1ccccc1,COc1ccccc1OCC(O)COC(N)=O,CC(C)[N+](C)(CCOC(=O)C1c2ccccc2Oc2ccccc21)C(C)C,CC(C)NCC(O)COc1ccc(CC(N)=O)cc1,CCN(CC)C(C)C(=O)c1ccccc1
entry-0000098,CC(=O)O[C@H](CC(=O)O)C[N+](C)(C)C,RDHQFKQIGNGIED-UHFFFAOYSA-O,CC(=O)OC(CC(=O)O)C[N+](C)(C)C,0.0,0.0,0.5865029664416941,0.3109944462776184,0.996268317158564,0.6908807685582472,0.6010576153558321,0.8512910300752117,0.3333333333333333,0.6033059358596802,9.142502221948234e-08,8.698639869689941,3.55802845954895,1.0571805238723757,0.9085655212402344,1.0,3.0,0.0990000000000004,5.0,0.0,5.0,0.0,1.0,1.0,32.150274,204.246,63.60000000000001,0.1951219512195122,0.1860465116279069,0.1836734693877551,0.175,0.173076923076923,False,False,False,False,False,CC(=O)Oc1ccccc1C(=O)O,CCN(CC)C(C)C(=O)c1ccccc1,CCC(=O)C(=O)c1ccc(OCC(=O)O)c(Cl)c1Cl,CC(=O)Nc1c(I)c(NC(C)=O)c(I)c(C(=O)O)c1I,O=C(NC(CO)C(O)c1ccc([N+](=O)[O-])cc1)C(Cl)Cl
entry-0000099,O=S(=O)(O)CC[S],VSAHTOPZGFNXJH-UHFFFAOYSA-N,O=S(=O)(O)CC[S],1.0,0.0,0.9951530541235816,0.89503014087677,0.9739202909588628,0.9600031020647356,0.969257359421922,0.8896165229378274,0.7777777777777778,0.7498440146446228,0.9995092749595642,4.012115955352783,1.975570559501648,0.8858130574226379,1.1924837827682495,1.0,2.0,0.0717000000000001,5.0,0.0,2.0,0.0,1.0,0.0,15.059965,141.19299999999998,54.370000000000005,0.131578947368421,0.1290322580645161,0.1219512195121951,0.119047619047619,0.119047619047619,False,False,False,False,False,CCCN(CCC)S(=O)(=O)c1ccc(C(=O)O)cc1,Nc1ccc(S(=O)(=O)c2ccc(O)cc2)cc1,CCCNC(=O)NS(=O)(=O)c1ccc(Cl)cc1,CCS(=O)(=O)CCn1c([N+](=O)[O-])cnc1C,CCCCNC(=O)NS(=O)(=O)c1ccc(C)cc1
entry-0000100,O=C1CN=C(c2ccccn2)c2cc(Br)ccc2N1,VMIYHDSEFNYJSL-UHFFFAOYSA-N,O=C1CN=C(c2ccccn2)c2cc(Br)ccc2N1,1.0,0.9718159958630684,0.9986587207391848,0.9329105615615844,0.9999992530111856,0.9622005232619044,0.9222123355137748,0.9512472183814724,0.9988194800022758,0.9949240684509276,0.9999894499778748,4.8140387535095215,6.304943084716797,-1.037834644317627,0.7425958514213562,1.0,3.0,2.6336000000000004,5.0,3.0,1.0,12.0,0.0,0.0,38.45993,316.158,54.35,0.4901960784313725,0.4545454545454545,0.4310344827586206,0.2641509433962264,0.2459016393442623,False,False,False,False,False,O=C1CN=C(c2ccccc2)c2cc(Cl)ccc2N1,O=C1CN=C(c2ccccc2)c2cc([N+](=O)[O-])ccc2N1,O=C1CN=C(c2ccccc2Cl)c2cc([N+](=O)[O-])ccc2N1,CCC1(c2ccccc2)C(=O)NCNC1=O,O=C1N=C(c2ccccc2)c2cc(Cl)ccc2NC1O
entry-0000101,NNC(=O)NNN1C(=O)c2cc(S(=O)(=O)O)cc3c(N)c(S(=O)(=O)O)cc(c23)C1=O,RFXTZKUPMGFBJD-UHFFFAOYSA-N,NNC(=O)NNN1C(=O)c2cc(S(=O)(=O)O)cc3c(N)c(S(=O)(=O)O)cc(c23)C1=O,0.0,0.0,0.9907727446119892,0.6923895478248596,0.0029650692498636,0.944105894105894,0.936762800831714,0.4412518842085947,0.5552568697729988,0.6250066161155701,0.2428798824548721,4.222892761230469,1.5575792789459229,-0.2353196591138839,1.664930820465088,7.0,10.0,-1.896099999999999,17.0,3.0,4.0,11.0,2.0,0.0,50.49951599999999,460.4060000000002,251.31999999999996,0.1842105263157894,0.1785714285714285,0.1780821917808219,0.1739130434782608,0.1733333333333333,False,False,False,False,False,Cc1ccccc1N1C(=O)c2cc(S(N)(=O)=O)c(Cl)cc2NC1C,Nc1ccc(S(=O)(=O)c2ccc(O)cc2)cc1,NS(=O)(=O)c1cc(C(=O)O)cc(N2CCCC2)c1Oc1ccccc1,COc1ccc2c(c1)C(=O)N(CCc1ccc(S(=O)(=O)NC(=O)NC3CCCCC3)cc1)C(=O)C2(C)C,NS(=O)(=O)c1cc(Cl)cc(NCc2ccco2)c1C(=O)O
entry-0000102,CCCCC1=NC2(CCCC2)C(=O)N1Cc1ccc(-c2ccccc2-c2nn[nH]n2)cc1,YOSHYTLCDANDAN-UHFFFAOYSA-N,CCCCC1=NC2(CCCC2)C(=O)N1Cc1ccc(-c2ccccc2-c2nn[nH]n2)cc1,1.0,0.0,0.0084490174320726,0.9735369682312012,0.9775431615058904,0.9588104962209671,0.7831406242592839,0.9564581364956164,0.9988194800022758,0.9673445820808412,0.9999805092811584,6.614791393280029,4.049309730529785,-0.1534452736377716,-0.4058253765106201,1.0,5.0,4.777400000000004,7.0,5.0,7.0,17.0,2.0,2.0,70.07220400000003,428.5400000000001,87.13000000000001,0.5142857142857142,0.4533333333333333,0.2736842105263158,0.238095238095238,0.2253521126760563,False,False,False,False,False,CCCCc1nc(Cl)c(CO)n1Cc1ccc(-c2ccccc2-c2nn[nH]n2)cc1,CCCCC(=O)N(Cc1ccc(-c2ccccc2-c2nn[nH]n2)cc1)C(C(=O)O)C(C)C,CCCc1nc2c(n1Cc1ccc(-c3ccccc3C(=O)O)cc1)=CC(c1nc3ccccc3n1C)CC=2C,CN1CCCC(N2NC(Cc3ccc(Cl)cc3)c3ccccc3C2=O)CC1,CCCCc1c(O)c(=O)n(-c2ccccc2)n1-c1ccccc1
entry-0000103,C[C@H](O)[C@@H]1C(=O)N2C(C(=O)O)=C(SCC/N=C/N)C[C@@H]12,ZSKVGTPCRGIANV-UHFFFAOYSA-N,CC(O)C1C(=O)N2C(C(=O)O)=C(SCCN=CN)CC12,0.0,0.0,0.8844607672027766,0.5920271277427673,0.7191468565114026,0.447550815197874,0.8432937600192641,0.810004041915445,0.5552568697729988,0.3645073473453522,0.0272691790014505,5.541027545928955,-0.0649004131555557,1.3146719932556152,1.1626561880111694,3.0,5.0,-0.385699999999999,8.0,2.0,6.0,0.0,1.0,2.0,41.86348099999999,299.35200000000003,116.22,0.3150684931506849,0.22,0.2134831460674157,0.2125,0.2027027027027027,False,False,False,False,False,CC(O)C1C(=O)N2C(C(=O)O)=C(SC3CCC(C(=O)N(C)C)N3)C(C)C12,CON=C(C(=O)NC1C(=O)N2C(C(=O)O)=C(CSc3nc(=O)c(=O)[nH]n3C)CSC12)c1csc(N)n1,CON=C(C(C)=NC1C(=O)N2C(C(=O)O)=C(COC(C)=O)CSC12)c1csc(N)n1,CC1=C(C(=O)O)N2C(=O)C(NC(=O)C(N)C3=CCC=CC3)C2SC1,COc1cc2c(cc1OC)C1CC(=O)C(CC(C)C)CN1CC2
entry-0000104,C[C@H](C(=O)O)c1ccc([C@@H]2CCCC(=NO)C2)cc1,IQPPOXSMSDPZKU-UHFFFAOYSA-N,CC(C(=O)O)c1ccc(C2CCCC(=NO)C2)cc1,1.0,0.7602502835349664,0.906860238077178,0.925366461277008,0.9999997504732184,0.8638415387694759,0.9859025698365712,0.9512472183814724,0.8877083688911646,0.828666627407074,0.9941688776016236,6.945781230926514,1.285583734512329,0.2606368660926819,-0.9352596402168274,2.0,3.0,3.3625000000000016,4.0,2.0,3.0,6.0,1.0,0.0,42.575067,261.3209999999999,69.89,0.3695652173913043,0.3214285714285714,0.3137254901960784,0.2941176470588235,0.2884615384615384,False,False,False,False,False,CC(C)Cc1ccc(C(C)C(=O)O)cc1,CC(C(=O)O)c1ccc(N2Cc3ccccc3C2=O)cc1,COc1ccc2cc(C(C)C(=O)O)ccc2c1,CC(C(=O)O)c1cccc(C(=O)c2ccccc2)c1,CC(C(=O)O)c1cccc(Oc2ccccc2)c1
entry-0000105,CN1C(C(=O)Nc2ccccn2)=Cc2sccc2S1(=O)=O,AGPJYMKPDQMPIB-UHFFFAOYSA-N,CN1C(C(=O)Nc2ccccn2)=Cc2sccc2S1(=O)=O,1.0,0.9401084514893212,0.9887683243113338,0.9231394529342652,0.9999997563162744,0.9577616785245522,0.919473100478058,0.9512472183814724,0.9988194800022758,0.9945300817489624,0.9990274310112,4.42893123626709,2.6454787254333496,-0.5160020589828491,1.5119311809539795,1.0,5.0,1.7568,8.0,3.0,2.0,11.0,0.0,0.0,41.72072299999999,321.3830000000001,79.37,0.4333333333333333,0.375,0.3088235294117647,0.2535211267605634,0.2361111111111111,False,False,False,False,False,CN1C(C(=O)Nc2ccccn2)C(=O)c2ccccc2S1(=O)=O,CN1C(C(=O)Nc2nccs2)C(=O)c2ccccc2S1(=O)=O,Cc1cnc(NC(=O)C2C(=O)c3ccccc3S(=O)(=O)N2C)s1,O=C(O)c1ccccc1C(=O)Nc1ccc(S(=O)(=O)Nc2nccs2)cc1,CN1c2ccccc2N(CCCCCCC(=O)O)c2ccc(Cl)cc2S1(=O)=O
entry-0000106,CN1C(C(=O)Nc2ccccn2)=C(O)c2sc(Cl)cc2S1(=O)=O,QOFQTBTZCJVITI-UHFFFAOYSA-N,CN1C(C(=O)Nc2ccccn2)C(=O)c2sc(Cl)cc2S1(=O)=O,1.0,0.9347180994382944,0.9995772868381312,0.8872745037078857,0.999985892734156,0.8642953622321489,0.9893972473599338,0.9167485733950224,0.9988194800022758,0.9936357140541076,0.9999047517776488,4.644509315490723,2.53835678100586,-0.2899510860443115,1.622704029083252,1.0,6.0,1.6206,10.0,3.0,2.0,11.0,0.0,0.0,44.03592999999999,371.82700000000006,96.44,0.6851851851851852,0.5,0.492063492063492,0.3285714285714285,0.2465753424657534,False,False,False,False,False,CN1C(C(=O)Nc2ccccn2)C(=O)c2ccccc2S1(=O)=O,CN1C(C(=O)Nc2nccs2)C(=O)c2ccccc2S1(=O)=O,Cc1cnc(NC(=O)C2C(=O)c3ccccc3S(=O)(=O)N2C)s1,Cc1cc(NC(=O)C2C(=O)c3ccccc3S(=O)(=O)C2C)no1,CN1C(=O)C(O)N=C(c2ccccc2Cl)c2cc(Cl)ccc21
entry-0000107,CC(C)=CCC1C(=O)N(c2ccccc2)N(c2ccccc2)C1=O,WQLKYMCVATYGQT-UHFFFAOYSA-N,CC(C)=CCc1c(O)n(-c2ccccc2)n(-c2ccccc2)c1=O,1.0,0.9674213058624946,0.9960540288130992,0.9699824452400208,0.9999892122040556,0.7712606021429551,0.9825344086099006,0.9512472183814724,0.9988194800022758,0.977278470993042,0.9999998211860656,5.431674003601074,3.561208963394165,-1.229822874069214,-0.7489046454429626,1.0,4.0,3.842500000000003,4.0,3.0,4.0,17.0,0.0,0.0,52.339860000000016,320.3920000000001,47.16,0.5227272727272727,0.4130434782608695,0.3181818181818182,0.2653061224489796,0.2586206896551724,False,False,False,False,False,O=c1c(CC[S+]([O-])c2ccccc2)c(O)n(-c2ccccc2)n1-c1ccccc1,CCCCc1c(O)c(=O)n(-c2ccccc2)n1-c1ccccc1,Cc1cc(=O)n(-c2ccccc2)n1C,Cc1c(N(C)C)c(=N)n(-c2ccccc2)n1C,CCC(C(=O)O)c1ccc(N2Cc3ccccc3C2=O)cc1
entry-0000108,CCCC[C@@H]1C(=O)N(c2ccccc2)N(c2ccc(O)cc2)C1=O,GFMGHHYHOFNBHB-UHFFFAOYSA-N,CCCCc1c(O)n(-c2ccc(O)cc2)n(-c2ccccc2)c1=O,1.0,0.9728794633540604,0.9960540288130992,0.9695829153060912,0.999999992332749,0.958356672758294,0.9343986297188048,0.9512472183814724,0.9988194800022758,0.9753391146659852,0.9999985694885254,5.986915588378906,3.455691337585449,-0.9962982535362244,-0.8100950121879578,2.0,5.0,3.3820000000000023,5.0,3.0,5.0,17.0,0.0,0.0,51.38186000000002,324.38000000000005,67.39,0.5813953488372093,0.5555555555555556,0.3260869565217391,0.2666666666666666,0.25,False,False,False,False,False,CCCCc1c(O)c(=O)n(-c2ccccc2)n1-c1ccccc1,O=c1c(CC[S+]([O-])c2ccccc2)c(O)n(-c2ccccc2)n1-c1ccccc1,Cc1cc(=O)n(-c2ccccc2)n1C,CCC(C(=O)O)c1ccc(N2Cc3ccccc3C2=O)cc1,Cc1c(N(C)C)c(=N)n(-c2ccccc2)n1C
entry-0000109,O=C(O)Cc1ccc2c(c1)C(=O)c1ccccc1CO2,QFGMXJOBTNZHEL-UHFFFAOYSA-N,O=C(O)Cc1ccc2c(c1)C(=O)c1ccccc1CO2,1.0,0.9725826208560466,0.9980733164280788,0.963036298751831,0.9999971132641716,0.9588104962209671,0.988261833380045,0.9512472183814724,0.9988194800022758,0.9197760224342346,0.9999510645866394,6.233407497406006,1.2205523252487185,-1.0373979806900024,-0.6598135232925415,1.0,3.0,2.437100000000001,4.0,3.0,2.0,12.0,1.0,0.0,39.369516,268.268,63.6,0.2777777777777778,0.2678571428571428,0.2622950819672131,0.2586206896551724,0.2545454545454545,False,False,False,False,False,O=C(O)Cc1ccccc1Oc1ccc(Cl)cc1Cl,CN(C)CCCC1c2ccccc2COc2ccccc21,CCC(C(=O)O)c1ccc(N2Cc3ccccc3C2=O)cc1,CC(C(=O)O)c1ccc(N2Cc3ccccc3C2=O)cc1,O=C(O)Cc1ccccc1Nc1ccc(Cl)cc1Cl
entry-0000110,C[C@H]1CN(c2c(F)c(N)c3c(=O)c(C(=O)O)cn(C4CC4)c3c2F)C[C@H](C)N1,DZZWHBIBMUVIIW-UHFFFAOYSA-N,CC1CN(c2c(F)c(N)c3c(=O)c(C(=O)O)cn(C4CC4)c3c2F)CC(C)N1,1.0,0.7735415173853286,0.9992730918531928,0.951756715774536,0.9996251811191188,0.8440882409220865,0.9857863345591952,0.9512472183814724,0.9988194800022758,0.9359497427940368,0.9940457344055176,6.152285575866699,5.670487880706787,0.4940391480922699,1.419502019882202,3.0,6.0,2.0816,9.0,4.0,3.0,11.0,1.0,1.0,56.029446000000014,392.4060000000002,100.59,0.3424657534246575,0.2987012987012987,0.25,0.217391304347826,0.216867469879518,False,False,False,False,False,CC1COc2c(N3CCN(C)CC3)c(F)cc3c(=O)c(C(=O)O)cn1c23,NC1C2CN(c3nc4c(cc3F)c(=O)c(C(=O)O)cn4-c3ccc(F)cc3F)CC12,COc1c2c(cc(F)c1N1CC3CCCNC3C1)C(=O)C(C(=O)O)=CC2NC1CC1,COc1cc(N)c(Cl)cc1C(=O)NC1CCN(CCCOc2ccc(F)cc2)CC1OC,CCOC(=O)C(CCc1ccccc1)NC1CCCN2CCCC(C(=O)O)N2C1=O
entry-0000111,COc1c(N2CCN[C@@H](C)C2)c(F)cc2c(=O)c(C(=O)O)cn(C3CC3)c12,XUBOMFCQGDBHNK-UHFFFAOYSA-N,COc1c(N2CCNC(C)C2)c(F)cc2c(=O)c(C(=O)O)cn(C3CC3)c12,1.0,0.9305483790023124,0.99967114802047,0.9617820978164672,0.9999790344510248,0.83008263868119,0.9521659831756856,0.9512472183814724,0.9988194800022758,0.9349299669265748,0.9987234473228456,7.107506275177002,5.817763805389404,0.3740361332893371,1.098554253578186,2.0,6.0,1.9804,8.0,4.0,4.0,11.0,1.0,1.0,55.174446,375.40000000000015,83.80000000000001,0.4507042253521127,0.3855421686746988,0.3461538461538461,0.2352941176470588,0.2191780821917808,False,False,False,False,False,CC1COc2c(N3CCN(C)CC3)c(F)cc3c(=O)c(C(=O)O)cn1c23,COc1c2c(cc(F)c1N1CC3CCCNC3C1)C(=O)C(C(=O)O)=CC2NC1CC1,NC1C2CN(c3nc4c(cc3F)c(=O)c(C(=O)O)cn4-c3ccc(F)cc3F)CC12,COc1cc2nc(N3CCN(C(=O)C4CCCO4)CC3)nc(N)c2cc1OC,COC(=O)C(c1ccccc1)C1CCCCN1
entry-0000112,CN(C)CC/C=C1\c2ccccc2CSc2ccccc21,PHTUQLWOUWZIMZ-UHFFFAOYSA-N,CN(C)CCC=C1c2ccccc2CSc2ccccc21,1.0,0.9688097711894706,0.9986587207391848,0.9152504801750184,0.9999923638668194,0.9573078550618792,0.9205052903587908,0.9512472183814724,0.9988194800022758,0.9759778380393982,0.9999992847442628,7.293794631958008,3.4389779567718506,-1.0783932209014893,-0.9007383584976196,0.0,2.0,4.675700000000004,2.0,3.0,3.0,12.0,0.0,1.0,51.442653000000014,295.451,3.24,0.6666666666666666,0.4130434782608695,0.3220338983050847,0.3015873015873015,0.3,False,False,False,False,False,CN(C)CCC=C1c2ccccc2CCc2ccccc21,CNCCC=C1c2ccccc2CCc2ccccc21,OCCN1CCN(CCC=C2c3ccccc3Sc3ccc(Cl)cc32)CC1,OCCN1CCN(CCC=C2c3ccccc3Sc3ccc(C(F)(F)F)cc32)CC1,CN(C)CCCN1c2ccccc2CCc2ccccc21
entry-0000113,Cn1c(=O)c2c(ncn2CCCNC[C@@H](O)c2cc(O)cc(O)c2)n(C)c1=O,WVLAAKXASPCBGT-UHFFFAOYSA-N,Cn1c(=O)c2c(ncn2CCCNCC(O)c2cc(O)cc(O)c2)n(C)c1=O,1.0,0.0,0.9980048216015862,0.9262463450431824,0.9419956706908488,0.9632493409583192,0.9577457681183514,0.866726649938695,0.9988194800022758,0.9116171002388,0.9620632529258728,6.153158664703369,4.058099746704102,0.1092109382152557,1.015206217765808,4.0,10.0,-0.4418000000000006,10.0,3.0,7.0,16.0,0.0,1.0,56.526239,389.4120000000001,134.54,0.3846153846153846,0.3518518518518518,0.2266666666666666,0.2238805970149253,0.2222222222222222,False,False,False,False,False,CC(C)NCC(O)c1cc(O)cc(O)c1,CC(C)(C)NCC(O)c1cc(O)cc(O)c1,CC(CCc1ccccc1)NCC(O)c1ccc(O)c(C(N)=O)c1,CC(C)(C)NCC(O)c1ccc(O)c(C(=O)O)c1,CC(=O)Nc1ccc(C(O)CNC(C)C)cc1
entry-0000114,CCN(CC)CCCOC(=O)[C@@]1(c2ccccc2)C[C@@H]2CC[C@@H]1C2,BDNMABJZSXTKAQ-UHFFFAOYSA-N,CCN(CC)CCCOC(=O)C1(c2ccccc2)CC2CCC1C2,1.0,0.9231897842692584,0.9967531461697764,0.9330037832260132,0.999996540557552,0.9577616785245522,0.9693868682672744,0.8991403324616369,0.9988194800022758,0.9421879649162292,0.9999991655349731,8.855819702148438,2.816856861114502,0.7069913744926453,-1.3716304302215576,0.0,3.0,4.019500000000003,3.0,3.0,8.0,6.0,0.0,1.0,60.33458300000004,329.4840000000002,29.54,0.3728813559322034,0.3387096774193548,0.3278688524590163,0.3181818181818182,0.3035714285714285,False,False,False,False,False,CCN(CC)CCOC(=O)C1(C2CCCCC2)CCCCC1,CCN(CC)CCC1(c2ccccc2)CCC(=O)NC1=O,CCOC(=O)C1(c2ccccc2)CCN(C)CC1,CCCC(=O)C1(c2ccccc2)CCC=CC1N(C)C,CCN(CC)C(C)C(=O)c1ccccc1
entry-0000115,CN1C(=O)C[C@@](C)(c2ccccc2)C1=O,AJXPJJZHWIXJCJ-UHFFFAOYSA-N,CN1C(=O)CC(C)(c2ccccc2)C1=O,1.0,0.9773813548108984,0.9984419733083952,0.9690463542938232,0.999995887544682,0.9415618457486324,0.9867638610094422,0.9512472183814724,0.9988194800022758,0.9836701154708862,0.9999997615814208,7.948648929595947,4.03721809387207,-0.5019705295562744,-0.3072538375854492,0.0,2.0,1.333,3.0,2.0,1.0,6.0,0.0,0.0,32.492309000000006,203.241,37.38,0.3170731707317073,0.3142857142857143,0.3,0.2978723404255319,0.2916666666666667,False,False,False,False,False,CCC1(c2ccccc2)C(=O)NCNC1=O,O=C1NNC(=O)C1(c1ccccc1)c1ccccc1,CCC1(c2ccccc2)C(=O)NC(=O)NC1=O,CCOC(=O)C1(c2ccccc2)CCN(C)CC1,CN1C(=O)CC(=O)N(c2ccccc2)c2cc(Cl)ccc21
entry-0000116,CC1=CC(=O)N2CC(=O)N(C)c3ccc(Cl)cc3[C@]2(c2ccccc2)O1,PWAJCNITSBZRBL-UHFFFAOYSA-N,CC1=CC(=O)N2CC(=O)N(C)c3ccc(Cl)cc3C2(c2ccccc2)O1,1.0,0.9699586180441933,0.9986110084455182,0.9521508812904358,0.9999986654409988,0.8642953622321489,0.9371569809059576,0.9512472183814724,0.9988194800022758,0.9936258792877196,0.9999998807907104,4.911237716674805,6.020395755767822,-0.7584671378135681,0.0879675075411796,0.0,3.0,3.280100000000002,6.0,4.0,1.0,12.0,0.0,0.0,53.32148100000001,368.8200000000001,49.85000000000001,0.3833333333333333,0.365079365079365,0.2941176470588235,0.2763157894736842,0.2714285714285714,False,False,False,False,False,CN1C(=O)CC(=O)N(c2ccccc2)c2cc(Cl)ccc21,CN1C(=O)CN=C(c2ccccc2)c2cc(Cl)ccc21,CN1C(=O)C(O)N=C(c2ccccc2)c2cc(Cl)ccc21,CCN(CC)CCN1C(=O)CN=C(c2ccccc2F)c2cc(Cl)ccc21,CN1C(=O)C(O)N=C(c2ccccc2Cl)c2cc(Cl)ccc21
